010121	01.43.10
010129	01.43.10
010130	01.43.10
010190	01.43.10
010221	01.41.10
010221	01.42.11
010229	01.41.10
010229	01.42.11
010229	01.42.12
010231	01.42.11
010239	01.42.11
010290	01.42.11
010310	01.46.10
010391	01.46.10
010392	01.46.10
010410	01.45.11
010420	01.45.12
010511	01.47.11
010512	01.47.12
010513	01.47.14
010514	01.47.13
010515	01.47.14
010594	01.47.11
010599	01.47.12
010599	01.47.13
010599	01.47.14
010611	01.49.19
010612	01.49.19
010612	03.11.69
010612	03.21.49
010613	01.44.10
010614	01.49.11
010614	01.49.19
010619	01.49.19
010620	01.49.13
010631	01.49.12
010632	01.49.12
010633	01.49.12
010639	01.49.12
010641	01.49.19
010649	01.49.19
010690	01.49.19
010690	03.12.30
020110	10.11.11
020120	10.11.11
020130	10.11.11
020210	10.11.31
020220	10.11.31
020230	10.11.31
020311	10.11.12
020312	10.11.12
020319	10.11.12
020321	10.11.32
020322	10.11.32
020329	10.11.32
020410	10.11.13
020421	10.11.13
020422	10.11.13
020423	10.11.13
020430	10.11.33
020441	10.11.33
020442	10.11.33
020443	10.11.33
020450	10.11.14
020450	10.11.34
020500	10.11.15
020500	10.11.35
020610	10.11.20
020610	10.11.60
020621	10.11.39
020622	10.11.39
020622	10.11.60
020629	10.11.39
020629	10.11.60
020630	10.11.20
020630	10.11.60
020641	10.11.39
020641	10.11.60
020649	10.11.39
020680	10.11.20
020680	10.11.60
020690	10.11.39
020690	10.11.60
020711	10.12.10
020712	10.12.20
020713	10.12.10
020713	10.12.40
020714	10.12.20
020714	10.12.40
020724	10.12.10
020725	10.12.20
020726	10.12.10
020726	10.12.40
020727	10.12.20
020727	10.12.40
020741	10.12.10
020742	10.12.20
020743	10.12.40
020744	10.12.10
020744	10.12.40
020745	10.12.20
020745	10.12.40
020751	10.12.10
020752	10.12.20
020753	10.12.40
020754	10.12.10
020754	10.12.40
020755	10.12.20
020755	10.12.40
020760	10.12.10
020760	10.12.40
020810	10.11.39
020830	10.11.39
020840	10.11.39
020850	10.11.39
020860	10.11.39
020890	10.11.16
020890	10.11.36
020890	10.11.39
020910	10.11.50
020990	10.12.30
021011	10.13.11
021012	10.13.11
021019	10.13.11
021020	10.13.12
021091	10.13.13
021092	10.13.13
021093	10.13.13
021099	10.13.13
030111	03.12.11
030119	03.11.11
030119	03.21.11
030191	03.12.12
030191	03.22.10
030192	03.12.12
030193	03.12.12
030193	03.22.10
030194	03.11.12
030194	03.21.12
030195	03.11.12
030195	03.21.12
030199	03.11.12
030199	03.12.12
030199	03.21.12
030199	03.22.10
030199	03.22.40
030211	03.11.20
030211	03.12.20
030211	03.21.20
030211	03.22.20
030213	03.11.20
030213	03.12.20
030213	03.21.20
030213	03.22.20
030214	03.11.20
030214	03.12.20
030214	03.21.20
030214	03.22.20
030219	03.11.20
030219	03.21.20
030221	03.11.20
030221	03.21.20
030222	03.11.20
030222	03.21.20
030223	03.11.20
030223	03.21.20
030224	03.11.20
030224	03.21.20
030229	03.11.20
030229	03.21.20
030231	03.11.20
030231	03.21.20
030232	03.11.20
030232	03.21.20
030233	03.11.20
030233	03.21.20
030234	03.11.20
030234	03.21.20
030235	03.11.20
030235	03.21.20
030236	03.11.20
030236	03.21.20
030239	03.11.20
030239	03.21.20
030241	03.11.20
030241	03.21.20
030242	03.11.20
030242	03.21.20
030243	03.11.20
030243	03.21.20
030244	03.11.20
030244	03.21.20
030245	03.11.20
030245	03.21.20
030246	03.11.20
030246	03.21.20
030247	03.11.20
030247	03.21.20
030249	03.11.20
030249	03.21.20
030251	03.11.20
030251	03.21.20
030252	03.11.20
030252	03.21.20
030253	03.11.20
030253	03.21.20
030254	03.11.20
030254	03.21.20
030255	03.11.20
030255	03.21.20
030256	03.11.20
030256	03.21.20
030259	03.11.20
030259	03.21.20
030271	03.12.20
030271	03.22.20
030272	03.12.20
030272	03.22.20
030273	03.12.20
030273	03.22.20
030274	03.12.20
030274	03.22.20
030279	03.12.20
030279	03.22.20
030281	03.11.20
030281	03.21.20
030282	03.11.20
030282	03.21.20
030283	03.11.20
030283	03.21.20
030284	03.11.20
030284	03.21.20
030285	03.11.20
030285	03.21.20
030289	03.11.20
030289	03.21.20
030291	10.20.12
030292	10.20.11
030299	03.12.20
030299	03.22.20
030299	10.20.12
030311	10.20.13
030312	10.20.13
030313	10.20.13
030314	10.20.13
030319	10.20.13
030323	10.20.13
030324	10.20.13
030325	10.20.13
030326	10.20.13
030329	10.20.13
030331	10.20.13
030332	10.20.13
030333	10.20.13
030334	10.20.13
030339	10.20.13
030341	10.20.13
030342	10.20.13
030343	10.20.13
030344	10.20.13
030345	10.20.13
030346	10.20.13
030349	10.20.13
030351	10.20.13
030353	10.20.13
030354	10.20.13
030355	10.20.13
030356	10.20.13
030357	10.20.13
030359	10.20.13
030363	10.20.13
030364	10.20.13
030365	10.20.13
030366	10.20.13
030367	10.20.13
030368	10.20.13
030369	10.20.13
030381	10.20.13
030382	10.20.13
030383	10.20.13
030384	10.20.13
030389	10.20.13
030391	10.20.16
030392	10.20.13
030399	10.20.16
030431	10.20.11
030432	10.20.11
030433	10.20.11
030439	10.20.11
030441	10.20.11
030442	10.20.11
030443	10.20.11
030444	10.20.11
030445	10.20.11
030446	10.20.11
030447	10.20.11
030448	10.20.11
030449	10.20.11
030451	10.20.11
030452	10.20.11
030453	10.20.11
030454	10.20.11
030455	10.20.11
030456	10.20.11
030457	10.20.11
030459	10.20.11
030461	10.20.14
030462	10.20.14
030463	10.20.14
030469	10.20.14
030471	10.20.14
030472	10.20.14
030473	10.20.14
030474	10.20.14
030475	10.20.14
030479	10.20.14
030481	10.20.14
030482	10.20.14
030483	10.20.14
030484	10.20.14
030485	10.20.14
030486	10.20.14
030487	10.20.14
030488	10.20.14
030489	10.20.14
030491	10.20.15
030492	10.20.15
030493	10.20.15
030494	10.20.15
030495	10.20.15
030496	10.20.15
030497	10.20.15
030499	10.20.15
030520	10.20.22
030531	10.20.21
030532	10.20.21
030539	10.20.21
030541	10.20.24
030542	10.20.24
030543	10.20.24
030544	10.20.24
030549	10.20.24
030551	10.20.23
030552	10.20.23
030553	10.20.23
030554	10.20.23
030559	10.20.23
030561	10.20.23
030562	10.20.23
030563	10.20.23
030564	10.20.23
030569	10.20.23
030571	10.20.22
030571	10.20.42
030572	10.20.22
030572	10.20.42
030579	10.20.22
030579	10.20.42
030611	10.20.31
030612	10.20.31
030614	10.20.31
030615	10.20.31
030616	10.20.31
030617	10.20.31
030619	10.20.31
030631	03.11.30
030631	03.21.30
030632	03.11.30
030632	03.21.30
030633	03.11.30
030633	03.21.30
030634	03.11.30
030634	03.21.30
030635	03.11.30
030635	03.21.30
030636	03.11.30
030636	03.21.30
030639	03.11.30
030639	03.21.30
030691	03.11.30
030691	03.21.30
030691	10.20.34
030692	03.11.30
030692	03.21.30
030692	10.20.34
030693	03.11.30
030693	03.21.30
030693	10.20.34
030694	03.11.30
030694	03.21.30
030694	10.20.34
030695	03.11.30
030695	03.21.30
030695	10.20.34
030699	03.11.30
030699	03.21.30
030699	03.22.30
030699	10.20.34
030711	03.11.41
030711	03.21.41
030712	10.20.32
030719	10.20.32
030719	10.20.34
030721	03.11.42
030721	03.21.44
030722	10.20.32
030729	10.20.32
030731	03.11.42
030731	03.21.44
030732	10.20.32
030739	10.20.32
030742	03.11.42
030742	03.21.44
030743	10.20.32
030749	10.20.33
030749	10.20.34
030751	03.11.42
030751	03.21.44
030752	10.20.32
030759	10.20.34
030760	01.49.23
030760	10.20.34
030771	03.11.42
030771	03.21.44
030772	10.20.32
030772	10.20.33
030779	10.20.34
030781	03.11.42
030781	03.21.44
030782	03.11.42
030782	03.21.44
030783	10.20.32
030784	10.20.32
030787	10.20.34
030788	10.20.34
030791	03.11.42
030791	03.21.44
030792	10.20.32
030799	10.20.34
030811	03.11.42
030811	03.21.44
030812	10.20.33
030819	10.20.33
030819	10.20.34
030821	03.11.42
030821	03.21.44
030822	10.20.33
030829	10.20.33
030829	10.20.34
030830	03.11.42
030830	03.21.44
030830	10.20.33
030830	10.20.34
030890	03.11.42
030890	03.21.44
030890	10.20.33
030890	10.20.34
030910	10.20.22
030990	10.20.33
030990	10.20.34
040110	10.51.11
040120	10.51.11
040140	10.51.12
040150	10.51.12
040210	10.51.21
040221	10.51.22
040229	10.51.22
040291	10.51.51
040299	10.51.51
040320	10.51.52
040390	10.51.52
040410	10.51.55
040490	10.51.56
040510	10.51.30
040520	10.51.30
040590	10.51.30
040610	10.51.40
040620	10.51.40
040630	10.51.40
040640	10.51.40
040690	10.51.40
040711	01.47.23
040719	01.47.23
040719	01.49.24
040721	01.47.21
040729	01.47.21
040729	01.47.22
040729	01.49.24
040790	10.89.12
040811	10.89.12
040819	10.89.12
040891	10.89.12
040899	10.89.12
040900	01.49.21
041010	01.49.19
041010	10.11.39
041090	01.49.24
050100	96.02.20
050210	10.11.60
050290	10.11.60
050400	10.11.60
050510	10.12.50
050590	10.12.50
050610	10.11.60
050690	10.11.60
050710	10.11.60
050790	10.11.60
050800	03.11.61
051000	21.10.60
051110	01.42.20
051191	03.21.50
051191	10.20.42
051199	01.42.11
051199	01.49.27
051199	01.49.28
051199	03.11.62
051199	03.21.50
051199	10.11.60
060110	01.30.10
060120	01.30.10
060210	01.30.10
060220	01.30.10
060230	01.30.10
060240	01.30.10
060290	01.30.10
060290	02.10.11
060290	02.10.30
060311	01.19.21
060312	01.19.21
060313	01.19.21
060314	01.19.21
060315	01.19.21
060319	01.19.21
060390	01.19.21
060420	01.29.20
060420	02.30.30
060490	02.30.30
070110	01.13.51
070190	01.13.51
070200	01.13.34
070310	01.13.43
070320	01.13.42
070390	01.13.44
070410	01.13.13
070420	01.13.12
070490	01.13.12
070511	01.13.14
070519	01.13.14
070521	01.13.15
070529	01.13.15
070610	01.13.41
070690	01.13.49
070700	01.13.32
070810	01.11.62
070820	01.11.61
070890	01.11.69
070920	01.13.11
070930	01.13.33
070940	01.13.90
070951	01.13.80
070952	01.13.80
070953	01.13.80
070954	01.13.80
070955	01.13.80
070956	01.13.80
070959	01.13.80
070960	01.13.31
070970	01.13.16
070991	01.13.17
070992	01.26.11
070992	01.26.12
070993	01.13.39
070999	01.13.19
070999	01.13.39
071010	10.31.11
071010	10.85.13
071021	10.39.11
071021	10.85.13
071022	10.39.11
071022	10.85.13
071029	10.39.11
071029	10.85.13
071030	10.39.11
071030	10.85.13
071040	10.39.11
071040	10.85.13
071080	10.39.11
071080	10.85.13
071090	10.39.11
071090	10.85.13
071120	10.39.12
071140	10.39.12
071151	10.39.12
071159	10.39.12
071190	10.39.12
071220	10.39.13
071220	10.39.14
071220	10.85.13
071231	10.39.13
071231	10.85.13
071232	10.39.13
071232	10.85.13
071233	10.39.13
071233	10.85.13
071234	10.39.13
071234	10.85.13
071239	10.39.13
071239	10.85.13
071290	10.31.12
071290	10.32.26
071290	10.39.13
071290	10.39.14
071290	10.85.13
071310	01.11.75
071320	01.11.73
071331	01.11.71
071332	01.11.71
071333	01.11.71
071334	01.11.71
071335	01.11.71
071339	01.11.71
071340	01.11.74
071350	01.11.72
071360	01.11.79
071390	01.11.79
071410	01.13.53
071410	10.85.13
071420	01.13.52
071420	01.13.53
071420	10.85.13
071430	01.13.59
071430	10.85.13
071440	01.13.59
071440	10.85.13
071450	01.13.59
071450	10.85.13
071490	01.13.59
071490	10.85.13
080111	01.26.20
080112	01.26.20
080119	01.26.20
080121	01.25.39
080122	01.25.39
080131	01.25.39
080132	01.25.39
080211	01.25.31
080212	01.25.31
080221	01.25.33
080222	01.25.33
080231	01.25.35
080232	01.25.35
080241	01.25.32
080242	01.25.32
080251	01.25.34
080252	01.25.34
080261	01.25.39
080262	01.25.39
080270	01.25.39
080280	01.25.39
080291	01.25.39
080292	01.25.39
080299	01.25.39
080310	01.22.12
080310	10.39.25
080390	01.22.12
080390	10.39.25
080410	01.22.13
080420	01.22.14
080420	10.39.25
080430	01.22.19
080440	01.22.11
080450	01.22.19
080510	01.23.13
080521	01.23.14
080522	01.23.14
080529	01.23.14
080540	01.23.11
080550	01.23.12
080590	01.23.19
080590	10.32.25
080610	01.21.11
080610	01.21.12
080620	10.39.25
080711	01.13.21
080719	01.13.29
080720	01.22.19
080810	01.24.10
080830	01.24.21
080840	01.24.22
080910	01.24.23
080921	01.24.24
080929	01.24.24
080930	01.24.25
080930	01.24.26
080940	01.24.27
080940	01.24.28
081010	01.25.13
081020	01.25.12
081030	01.25.19
081040	01.25.19
081050	01.25.11
081060	01.22.19
081070	01.25.90
081090	01.24.29
081090	01.25.90
081110	10.39.21
081120	10.39.21
081190	10.32.26
081190	10.39.21
081210	10.39.24
081290	10.39.24
081310	10.39.25
081320	10.39.25
081330	10.39.25
081340	10.39.25
081350	10.39.25
081400	10.39.24
090111	01.27.11
090112	10.83.11
090121	10.83.11
090122	10.83.11
090190	10.83.12
090210	10.83.13
090220	01.27.12
090220	10.83.13
090230	10.83.13
090240	01.27.12
090240	10.83.13
090300	01.27.13
090411	01.28.11
090412	10.84.21
090421	01.28.12
090422	10.84.22
090510	01.28.18
090520	10.84.23
090611	01.28.15
090619	01.28.15
090620	10.84.23
090710	01.28.16
090720	10.84.23
090811	01.28.13
090812	10.84.23
090821	01.28.13
090822	10.84.23
090831	01.28.13
090832	10.84.23
090921	01.28.14
090922	10.84.23
090931	01.28.14
090932	10.84.23
090961	01.28.14
090962	10.84.23
091011	01.28.17
091012	10.84.23
091020	01.28.19
091020	10.84.23
091030	01.28.19
091091	01.28.19
091091	10.84.23
091099	01.28.19
091099	10.84.23
100111	01.11.11
100119	01.11.11
100191	01.11.12
100199	01.11.12
100210	01.11.32
100290	01.11.32
100310	01.11.31
100390	01.11.31
100410	01.11.33
100490	01.11.33
100510	01.11.20
100590	01.11.20
100610	01.12.10
100620	10.61.11
100630	10.61.12
100640	10.61.12
100710	01.11.41
100790	01.11.41
100810	01.11.49
100821	01.11.42
100829	01.11.42
100830	01.11.49
100840	01.11.49
100850	01.11.49
100860	01.11.49
100890	01.11.49
110100	10.61.21
110220	10.61.22
110290	10.61.22
110311	10.61.31
110313	10.61.32
110319	10.61.32
110320	10.61.32
110412	10.61.33
110419	10.61.33
110422	10.61.33
110423	10.61.33
110429	10.61.33
110430	10.61.33
110510	10.31.13
110520	10.31.13
110610	10.61.23
110620	10.61.23
110630	10.61.23
110710	11.06.10
110720	11.06.10
110811	10.62.11
110812	10.62.11
110813	10.62.11
110814	10.62.11
110819	10.62.11
110820	10.62.11
110900	10.62.11
120110	01.11.81
120190	01.11.81
120230	01.11.82
120241	01.11.82
120242	01.11.83
120300	01.26.90
120400	01.11.91
120510	01.11.93
120590	01.11.93
120600	01.11.95
120710	01.11.99
120721	01.16.11
120729	01.16.11
120730	01.11.99
120740	01.11.94
120750	01.11.92
120760	01.11.99
120770	01.11.99
120791	01.11.99
120799	01.11.99
120810	10.41.42
120890	10.41.42
120910	01.13.72
120921	01.19.31
120922	01.19.31
120923	01.19.31
120924	01.19.31
120925	01.19.31
120929	01.19.31
120930	01.19.22
120991	01.13.60
120999	01.25.20
120999	02.10.12
121010	01.28.20
121020	01.28.20
121120	01.28.30
121130	01.28.30
121140	01.28.30
121150	01.28.30
121160	01.28.30
121190	01.28.30
121221	03.11.63
121221	03.21.43
121229	03.11.63
121229	03.12.30
121229	03.21.43
121229	03.22.30
121291	01.13.71
121292	01.25.90
121293	01.14.10
121294	01.19.39
121299	01.19.39
121299	01.25.20
121299	01.25.90
121300	01.11.50
121410	10.91.20
121490	01.19.10
130120	02.30.12
130190	02.30.12
130211	10.89.15
130212	10.89.15
130213	10.89.15
130214	10.89.15
130219	10.89.15
130220	10.89.15
130231	10.89.15
130232	10.89.15
130239	10.89.15
140110	01.29.30
140120	01.29.30
140190	01.29.30
140420	10.41.30
140490	01.29.30
150110	10.11.50
150120	10.11.50
150190	10.12.30
150210	10.11.50
150290	10.11.50
150300	10.41.11
150410	10.41.12
150420	10.41.12
150430	10.41.12
150500	13.10.10
150600	10.41.19
150710	10.41.21
150790	10.41.51
150810	10.41.22
150890	10.41.52
150920	10.41.23
150930	10.41.23
150940	10.41.23
150990	10.41.53
151010	10.41.23
151090	10.41.53
151110	10.41.27
151190	10.41.57
151211	10.41.24
151211	10.41.29
151219	10.41.54
151221	10.41.25
151229	10.41.55
151311	10.41.28
151319	10.41.58
151321	10.41.29
151329	10.41.59
151411	10.41.26
151419	10.41.56
151491	10.41.26
151499	10.41.56
151511	10.41.29
151519	10.41.59
151521	10.62.14
151529	10.62.14
151530	10.41.59
151550	10.41.29
151550	10.41.59
151560	10.41.29
151560	10.41.59
151590	10.41.29
151590	10.41.59
151610	10.41.60
151620	10.41.60
151630	10.41.60
151710	10.42.10
151790	10.42.10
151800	20.59.20
152000	20.41.10
152110	10.41.71
152190	01.49.26
152200	10.41.72
160100	10.13.14
160210	10.85.11
160210	10.86.10
160220	10.13.15
160220	10.85.11
160231	10.13.15
160231	10.85.11
160232	10.13.15
160232	10.85.11
160239	10.13.15
160239	10.85.11
160241	10.13.15
160241	10.85.11
160242	10.13.15
160242	10.85.11
160249	10.13.15
160249	10.85.11
160250	10.13.15
160250	10.85.11
160290	10.13.15
160290	10.85.11
160300	10.89.14
160411	10.20.25
160411	10.85.12
160412	10.20.25
160412	10.85.12
160413	10.20.25
160413	10.85.12
160414	10.20.25
160414	10.85.12
160415	10.20.25
160415	10.85.12
160416	10.20.25
160416	10.85.12
160417	10.20.25
160417	10.85.12
160418	10.20.25
160418	10.85.12
160419	10.20.25
160419	10.85.12
160420	10.20.25
160420	10.85.12
160431	10.20.26
160431	10.85.12
160432	10.20.26
160432	10.85.12
160510	10.20.34
160510	10.85.12
160521	10.20.34
160521	10.85.12
160529	10.20.34
160529	10.85.12
160530	10.20.34
160530	10.85.12
160540	10.20.34
160540	10.85.12
160551	10.20.34
160551	10.85.12
160552	10.20.34
160552	10.85.12
160553	10.20.34
160553	10.85.12
160554	10.20.34
160554	10.85.12
160555	10.20.34
160555	10.85.12
160556	10.20.34
160556	10.85.12
160557	10.20.34
160557	10.85.12
160558	10.20.34
160558	10.85.12
160559	10.20.34
160559	10.85.12
160561	10.20.34
160561	10.85.12
160562	10.20.34
160562	10.85.12
160563	10.20.34
160563	10.85.12
160569	10.20.34
160569	10.85.12
170112	10.81.11
170113	10.81.11
170114	10.81.11
170191	10.81.13
170199	10.81.12
170199	10.81.19
170211	10.51.54
170219	10.51.54
170220	10.81.13
170230	10.62.13
170240	10.62.13
170250	10.62.13
170260	10.62.13
170290	10.62.13
170290	10.89.19
170310	10.81.14
170390	10.81.14
170410	10.82.23
170490	10.82.23
180100	01.27.14
180200	10.82.30
180310	10.82.11
180320	10.82.11
180400	10.82.12
180500	10.82.13
180610	10.82.14
180620	10.82.21
180631	10.82.22
180632	10.82.22
180690	10.82.22
190110	10.86.10
190120	10.61.24
190190	10.89.19
190211	10.73.11
190219	10.73.11
190220	10.85.14
190230	10.85.14
190240	10.73.12
190300	10.62.12
190410	10.61.33
190420	10.61.33
190430	10.61.33
190490	10.61.33
190510	10.72.11
190520	10.72.12
190531	10.72.12
190532	10.72.12
190540	10.72.11
190590	10.71.11
190590	10.71.12
190590	10.72.19
200110	10.39.18
200190	10.39.18
200210	10.39.17
200290	10.39.17
200310	10.39.17
200390	10.39.17
200410	10.31.11
200490	10.39.17
200510	10.86.10
200520	10.31.13
200520	10.31.14
200540	10.39.16
200551	10.39.15
200559	10.39.15
200560	10.39.17
200570	10.39.17
200580	10.39.17
200591	10.39.17
200599	10.39.17
200600	10.82.24
200710	10.86.10
200791	10.39.22
200799	10.32.27
200799	10.39.22
200811	10.39.23
200819	10.39.23
200820	10.39.25
200830	10.39.25
200840	10.39.25
200850	10.39.25
200860	10.39.25
200870	10.39.25
200880	10.39.25
200891	10.39.25
200893	10.39.25
200897	10.39.23
200897	10.39.25
200899	10.39.25
200911	10.32.12
200912	10.32.12
200919	10.32.12
200921	10.32.13
200929	10.32.13
200931	10.32.19
200939	10.32.19
200941	10.32.14
200949	10.32.14
200950	10.32.11
200961	10.32.15
200969	10.32.15
200971	10.32.16
200979	10.32.16
200981	10.32.19
200989	10.32.18
200989	10.32.19
200990	10.32.17
200990	10.32.29
210111	10.83.12
210112	10.83.12
210120	10.83.14
210130	10.83.12
210210	10.89.13
210220	10.89.13
210230	10.89.13
210310	10.84.12
210320	10.84.12
210330	10.84.12
210390	10.32.24
210390	10.84.12
210410	10.89.11
210420	10.86.10
210500	10.52.10
210610	10.89.19
210690	10.83.15
210690	10.85.19
210690	10.89.19
220110	11.07.11
220190	11.07.11
220190	35.30.11
220190	35.30.21
220190	36.00.11
220190	36.00.12
220210	11.07.19
220291	11.05.10
220299	10.32.21
220299	10.32.22
220299	10.32.23
220299	11.07.19
220300	11.05.10
220410	11.02.11
220421	11.02.12
220422	11.02.12
220429	11.02.12
220430	11.02.12
220510	11.04.10
220590	11.04.10
220600	11.03.10
220710	20.14.74
220720	20.14.75
220820	11.01.10
220830	11.01.10
220840	11.01.10
220850	11.01.10
220860	11.01.10
220870	11.01.10
220890	11.01.10
220900	10.84.11
230110	10.13.16
230120	10.20.41
230210	10.61.40
230230	10.61.40
230240	10.61.40
230250	10.61.40
230310	10.62.20
230320	10.81.20
230330	11.05.20
230400	10.41.41
230500	10.41.41
230610	10.41.41
230620	10.41.41
230630	10.41.41
230641	10.41.41
230649	10.41.41
230650	10.41.41
230660	10.41.41
230690	10.41.41
230700	11.02.20
230800	10.39.30
230910	10.92.10
230990	10.91.10
240110	01.15.10
240120	01.15.10
240130	12.00.20
240210	12.00.11
240220	12.00.11
240290	12.00.11
240311	12.00.19
240319	12.00.19
240391	12.00.19
240399	12.00.19
240411	12.00.19
240412	12.00.19
240419	12.00.19
240491	12.00.19
240492	12.00.19
240499	12.00.19
250100	08.93.10
250100	10.84.30
250200	08.91.12
250300	08.91.12
250300	20.13.66
250410	08.99.29
250490	08.99.29
250510	08.12.11
250590	08.12.11
250610	08.99.29
250620	08.99.29
250700	08.12.21
250810	08.12.22
250830	08.12.22
250840	08.12.22
250850	08.12.22
250860	08.12.22
250870	08.12.22
250900	08.11.30
251010	08.91.11
251020	08.91.11
251110	08.91.19
251120	08.91.19
251200	08.99.29
251310	08.99.22
251320	08.99.22
251400	08.11.40
251511	08.11.11
251512	08.11.11
251520	08.11.11
251611	08.11.12
251612	08.11.12
251620	08.11.12
251690	08.11.12
251710	08.12.12
251720	08.12.13
251730	23.99.13
251741	08.12.12
251749	08.12.12
251810	08.11.30
251820	23.52.30
251910	08.99.29
251990	08.99.29
252010	08.11.20
252020	23.52.20
252100	08.11.20
252210	23.52.10
252220	23.52.10
252230	23.52.10
252310	23.51.11
252321	23.51.12
252329	23.51.12
252330	23.51.12
252390	23.51.12
252410	08.99.29
252490	08.99.29
252510	08.99.29
252520	08.99.29
252530	08.99.29
252610	08.99.29
252620	08.99.29
252800	08.91.19
252910	08.99.29
252921	08.99.29
252922	08.99.29
252930	08.99.29
253010	08.99.29
253020	08.91.19
253090	08.91.19
260111	07.10.10
260112	07.10.10
260120	20.13.67
260200	07.29.19
260300	07.29.11
260400	07.29.12
260500	07.29.19
260600	07.29.13
260700	07.29.15
260800	07.29.15
260900	07.29.15
261000	07.29.19
261100	07.29.19
261210	07.21.10
261220	07.21.10
261310	07.29.19
261390	07.29.19
261400	07.29.19
261510	07.29.19
261590	07.29.19
261610	07.29.14
261690	07.29.14
261710	07.29.19
261790	07.29.19
261800	38.32.29
261900	38.11.58
262011	38.32.29
262019	38.32.29
262021	38.11.58
262029	38.32.29
262030	38.32.29
262040	38.32.29
262060	38.12.26
262060	38.32.29
262091	24.45.30
262099	38.32.29
262110	38.21.40
262190	38.21.40
270111	05.10.10
270112	05.10.10
270119	05.10.10
270119	19.30.13
270120	19.30.11
270210	05.20.10
270220	19.30.12
270220	19.30.13
270300	08.92.10
270400	19.10.10
270500	35.21.10
270600	19.10.20
270710	20.14.73
270720	20.14.73
270730	20.14.73
270740	20.14.73
270750	20.14.73
270791	20.14.73
270799	20.14.73
270810	19.10.30
270820	19.10.30
270900	06.10.10
271012	19.20.21
271012	19.20.22
271012	19.20.23
271012	19.20.25
271019	19.20.24
271019	19.20.25
271019	19.20.26
271019	19.20.27
271019	19.20.28
271019	19.20.29
271020	19.20.26
271020	19.20.28
271091	38.12.25
271099	38.12.25
271111	06.20.10
271112	19.20.31
271113	19.20.31
271114	19.20.32
271119	19.20.32
271121	06.20.10
271129	19.20.32
271210	19.20.41
271220	19.20.41
271290	19.20.41
271311	19.20.42
271312	19.20.42
271320	19.20.42
271390	19.20.42
271410	06.10.20
271490	08.99.10
271500	23.99.13
271600	35.11.10
280110	20.13.21
280120	20.13.21
280130	20.13.21
280200	20.13.21
280300	20.13.21
280410	20.11.11
280421	20.11.11
280429	20.11.11
280430	20.11.11
280440	20.11.11
280450	20.13.21
280461	20.13.21
280469	20.13.21
280470	20.13.21
280480	20.13.21
280490	20.13.21
280511	20.13.23
280512	20.13.23
280519	20.13.23
280530	20.13.23
280540	20.13.23
280610	20.13.24
280620	20.13.24
280700	20.13.24
280800	20.15.10
280910	20.13.24
280920	20.13.24
281000	20.13.24
281111	20.13.24
281112	20.13.24
281119	20.13.24
281121	20.11.12
281122	20.13.24
281129	20.11.12
281129	20.13.24
281211	20.13.22
281212	20.13.22
281213	20.13.22
281214	20.13.22
281215	20.13.22
281216	20.13.22
281217	20.13.22
281219	20.13.22
281290	20.13.22
281310	20.13.22
281390	20.13.22
281410	20.15.10
281420	20.15.10
281511	20.13.25
281512	20.13.25
281520	20.13.25
281530	20.13.25
281610	20.13.25
281640	20.13.25
281700	20.12.11
281810	23.99.15
281820	24.42.12
281830	20.13.25
281910	20.12.12
281990	20.12.12
282010	20.12.12
282090	20.12.12
282110	20.12.19
282120	20.12.19
282200	20.12.19
282300	20.12.11
282410	20.12.12
282490	20.12.12
282510	20.13.25
282520	20.12.19
282530	20.12.19
282540	20.12.19
282550	20.12.12
282560	20.12.19
282570	20.12.19
282580	20.12.19
282590	20.12.19
282612	20.13.31
282619	20.13.31
282630	20.13.31
282690	20.13.31
282710	20.15.20
282720	20.13.31
282731	20.13.31
282732	20.13.31
282735	20.13.31
282739	20.13.31
282741	20.13.31
282749	20.13.31
282751	20.13.31
282759	20.13.31
282760	20.13.31
282810	20.13.32
282890	20.13.32
282911	20.13.32
282919	20.13.32
282990	20.13.32
283010	20.13.41
283090	20.13.41
283110	20.13.41
283190	20.13.41
283210	20.13.41
283220	20.13.41
283230	20.13.41
283311	20.13.41
283319	20.13.41
283321	20.13.41
283322	20.13.41
283324	20.13.41
283325	20.13.41
283327	20.13.41
283329	20.13.41
283330	20.13.41
283340	20.13.41
283410	20.15.20
283421	20.15.76
283429	20.13.42
283510	20.13.42
283522	20.13.42
283524	20.13.42
283525	20.13.42
283526	20.13.42
283529	20.13.42
283531	20.13.42
283539	20.13.42
283620	20.13.43
283630	20.13.43
283640	20.13.43
283650	20.13.43
283660	20.13.43
283691	20.13.43
283692	20.13.43
283699	20.13.43
283711	20.13.62
283719	20.13.62
283720	20.13.62
283911	20.13.62
283919	20.13.62
283990	20.13.62
284011	20.13.62
284019	20.13.62
284020	20.13.62
284030	20.13.62
284130	20.13.51
284150	20.13.51
284161	20.13.51
284169	20.13.51
284170	20.13.51
284180	20.13.51
284190	20.13.51
284210	20.13.62
284290	20.13.62
284310	20.13.51
284321	20.13.51
284329	20.13.51
284330	20.13.51
284390	20.13.51
284410	24.46.10
284420	20.13.11
284430	20.13.12
284441	20.13.13
284442	20.13.13
284443	20.13.13
284444	20.13.13
284450	38.12.21
284510	20.13.61
284520	20.13.61
284530	20.13.61
284540	20.13.61
284590	20.13.61
284610	20.13.65
284690	20.13.65
284700	20.13.63
284910	20.13.64
284920	20.13.64
284990	20.13.64
285000	20.13.64
285210	20.13.52
285290	20.13.52
285310	20.13.52
285390	20.11.13
285390	20.13.52
290110	20.14.11
290121	20.14.11
290122	20.14.11
290123	20.14.11
290124	20.14.11
290129	20.14.11
290211	20.14.12
290219	20.14.12
290220	20.14.12
290230	20.14.12
290241	20.14.12
290242	20.14.12
290243	20.14.12
290244	20.14.12
290250	20.14.12
290260	20.14.12
290270	20.14.12
290290	20.14.12
290311	20.14.13
290312	20.14.13
290313	20.14.13
290314	20.14.13
290315	20.14.13
290319	20.14.13
290321	20.14.13
290322	20.14.13
290323	20.14.13
290329	20.14.13
290341	20.14.19
290342	20.14.19
290343	20.14.19
290344	20.14.19
290345	20.14.19
290346	20.14.19
290347	20.14.19
290348	20.14.19
290349	20.14.19
290351	20.14.19
290359	20.14.19
290361	20.14.19
290362	20.14.19
290369	20.14.19
290371	20.14.19
290372	20.14.19
290373	20.14.19
290374	20.14.19
290375	20.14.19
290376	20.14.19
290377	20.14.19
290378	20.14.19
290379	20.14.19
290381	20.14.19
290382	20.14.19
290383	20.14.19
290389	20.14.19
290391	20.14.19
290392	20.14.19
290393	20.14.19
290394	20.14.19
290399	20.14.19
290410	20.14.14
290420	20.14.14
290431	20.14.14
290432	20.14.14
290433	20.14.14
290434	20.14.14
290435	20.14.14
290436	20.14.14
290491	20.14.14
290499	20.14.14
290511	20.14.22
290512	20.14.22
290513	20.14.22
290514	20.14.22
290516	20.14.22
290517	20.14.22
290519	20.14.22
290522	20.14.22
290529	20.14.22
290531	20.14.23
290532	20.14.23
290539	20.14.23
290541	20.14.23
290542	20.14.23
290543	20.14.23
290544	20.14.23
290545	20.14.23
290549	20.14.23
290551	20.14.23
290559	20.14.23
290611	20.14.23
290612	20.14.23
290613	20.14.23
290619	20.14.23
290621	20.14.23
290629	20.14.23
290711	20.14.24
290712	20.14.24
290713	20.14.24
290715	20.14.24
290719	20.14.24
290721	20.14.24
290722	20.14.24
290723	20.14.24
290729	20.14.24
290811	20.14.24
290819	20.14.24
290891	20.14.24
290892	20.14.24
290899	20.14.24
290911	20.14.63
290919	20.14.63
290920	20.14.63
290930	20.14.63
290941	20.14.63
290943	20.14.63
290944	20.14.63
290949	20.14.63
290950	20.14.63
290960	20.14.63
291010	20.14.63
291020	20.14.63
291030	20.14.63
291040	20.14.63
291050	20.14.63
291090	20.14.63
291100	20.14.63
291211	20.14.61
291212	20.14.61
291219	20.14.61
291221	20.14.61
291229	20.14.61
291241	20.14.61
291242	20.14.61
291249	20.14.61
291250	20.14.61
291260	20.14.61
291300	20.14.61
291411	20.14.62
291412	20.14.62
291413	20.14.62
291419	20.14.62
291422	20.14.62
291423	20.14.62
291429	20.14.62
291431	20.14.62
291439	20.14.62
291440	20.14.62
291450	20.14.62
291461	20.14.62
291462	20.14.62
291469	20.14.62
291471	20.14.62
291479	20.14.62
291511	20.14.32
291512	20.14.32
291513	20.14.32
291521	20.14.32
291524	20.14.32
291529	20.14.32
291531	20.14.32
291532	20.14.32
291533	20.14.32
291536	20.14.32
291539	20.14.32
291540	20.14.32
291550	20.14.32
291560	20.14.32
291570	20.14.32
291590	20.14.32
291611	20.14.33
291612	20.14.33
291613	20.14.33
291614	20.14.33
291615	20.14.33
291616	20.14.33
291619	20.14.33
291620	20.14.33
291631	20.14.33
291632	20.14.33
291634	20.14.33
291639	20.14.33
291711	20.14.33
291712	20.14.33
291713	20.14.33
291714	20.14.33
291719	20.14.33
291720	20.14.33
291732	20.14.34
291733	20.14.34
291734	20.14.34
291735	20.14.34
291736	20.14.34
291737	20.14.34
291739	20.14.34
291811	20.14.34
291812	20.14.34
291813	20.14.34
291814	20.14.34
291815	20.14.34
291816	20.14.34
291817	20.14.34
291818	20.14.34
291819	20.14.34
291821	21.10.10
291822	21.10.10
291823	21.10.10
291829	20.14.34
291830	20.14.34
291891	20.14.34
291899	20.14.34
291910	20.14.53
291990	20.14.53
292011	20.14.53
292019	20.14.53
292021	20.14.53
292022	20.14.53
292023	20.14.53
292024	20.14.53
292029	20.14.53
292030	20.14.53
292090	20.14.53
292111	20.14.41
292112	20.14.41
292113	20.14.41
292114	20.14.41
292119	20.14.41
292121	20.14.41
292122	20.14.41
292129	20.14.41
292130	20.14.41
292141	20.14.41
292142	20.14.41
292143	20.14.41
292144	20.14.41
292145	20.14.41
292146	20.14.41
292149	20.14.41
292151	20.14.41
292159	20.14.41
292211	20.14.42
292212	20.14.42
292214	20.14.42
292215	20.14.42
292216	20.14.42
292217	20.14.42
292218	20.14.42
292219	20.14.42
292221	20.14.42
292229	20.14.42
292231	20.14.42
292239	20.14.42
292241	21.10.20
292242	21.10.20
292243	20.14.42
292244	20.14.42
292249	20.14.42
292250	20.14.42
292310	21.10.20
292320	21.10.20
292330	21.10.20
292340	21.10.20
292390	21.10.20
292411	21.10.20
292412	21.10.20
292419	21.10.20
292421	20.14.43
292423	21.10.20
292424	21.10.20
292425	21.10.20
292429	21.10.20
292511	20.14.43
292512	20.14.43
292519	20.14.43
292521	20.14.43
292529	20.14.43
292610	20.14.43
292620	20.14.43
292630	20.14.43
292640	20.14.43
292690	20.14.43
292700	20.14.44
292800	20.14.44
292910	20.14.44
292990	20.14.44
293010	20.14.51
293020	20.14.51
293030	20.14.51
293040	20.14.51
293060	20.14.51
293070	20.14.51
293080	20.14.51
293090	20.14.51
293110	20.14.51
293120	20.14.51
293141	20.14.51
293142	20.14.51
293143	20.14.51
293144	20.14.51
293145	20.14.51
293146	20.14.51
293147	20.14.51
293148	20.14.51
293149	20.14.51
293151	20.14.51
293152	20.14.51
293153	20.14.51
293154	20.14.51
293159	20.14.51
293190	20.14.51
293211	20.14.52
293212	20.14.52
293213	20.14.52
293214	20.14.52
293219	20.14.52
293220	21.10.31
293291	20.14.52
293292	20.14.52
293293	20.14.52
293294	20.14.52
293295	20.14.52
293296	20.14.52
293299	20.14.52
293311	21.10.31
293319	21.10.31
293321	21.10.31
293329	20.14.52
293331	20.14.52
293332	20.14.52
293333	20.14.52
293334	20.14.52
293335	20.14.52
293336	20.14.52
293337	20.14.52
293339	20.14.52
293341	20.14.52
293349	20.14.52
293352	21.10.31
293353	21.10.31
293354	21.10.31
293355	21.10.31
293359	21.10.31
293361	20.14.52
293369	21.10.31
293371	20.14.52
293372	20.14.52
293379	20.14.52
293391	20.14.52
293392	20.14.52
293399	20.14.52
293410	20.14.52
293420	20.14.52
293430	21.10.31
293491	20.14.52
293492	20.14.52
293499	20.14.52
293510	21.10.32
293520	21.10.32
293530	21.10.32
293540	21.10.32
293550	21.10.32
293590	21.10.32
293621	21.10.51
293622	21.10.51
293623	21.10.51
293624	21.10.51
293625	21.10.51
293626	21.10.51
293627	21.10.51
293628	21.10.51
293629	21.10.51
293690	21.10.51
293711	21.10.52
293712	21.10.52
293719	21.10.52
293721	21.10.52
293722	21.10.52
293723	21.10.52
293729	21.10.52
293750	21.10.52
293790	21.10.52
293810	21.10.53
293890	21.10.53
293911	21.10.53
293919	21.10.53
293920	21.10.53
293930	21.10.53
293941	21.10.53
293942	21.10.53
293943	21.10.53
293944	21.10.53
293945	21.10.53
293949	21.10.53
293951	21.10.53
293959	21.10.53
293961	21.10.53
293962	21.10.53
293963	21.10.53
293969	21.10.53
293972	21.10.53
293979	21.10.53
293980	20.14.52
293980	21.10.53
294000	21.10.40
294110	21.10.54
294120	21.10.54
294130	21.10.54
294140	21.10.54
294150	21.10.54
294190	21.10.54
294200	20.14.64
300120	21.10.60
300190	21.10.60
300212	21.20.21
300213	21.20.21
300214	21.20.21
300215	21.20.21
300241	21.20.21
300242	21.20.21
300249	21.10.60
300251	21.10.60
300259	21.10.60
300290	21.10.60
300310	21.20.10
300320	21.20.10
300331	21.20.10
300339	21.20.10
300341	21.20.10
300342	21.20.10
300343	21.20.10
300349	21.20.10
300360	21.20.10
300390	21.20.10
300410	21.20.10
300420	21.20.10
300431	21.20.10
300432	21.20.10
300439	21.20.10
300441	21.20.10
300442	21.20.10
300443	21.20.10
300449	21.20.10
300450	21.20.10
300460	21.20.10
300490	21.20.10
300510	21.20.24
300590	21.20.24
300610	21.20.24
300610	32.50.50
300630	21.20.23
300640	32.50.50
300650	21.20.24
300660	21.20.22
300670	32.50.50
300691	32.50.50
300692	38.12.22
300693	21.20.10
310100	20.15.80
310210	20.15.31
310221	20.15.32
310229	20.15.39
310230	20.15.33
310240	20.15.35
310250	20.15.60
310260	20.15.34
310280	20.15.39
310290	20.15.39
310311	20.15.41
310319	20.15.41
310390	20.15.49
310420	20.15.51
310430	20.15.52
310490	20.15.59
310510	20.15.79
310520	20.15.71
310530	20.15.72
310540	20.15.73
310551	20.15.74
310559	20.15.74
310560	20.15.75
310590	20.15.79
320110	20.12.22
320120	20.12.22
320190	20.12.22
320210	20.12.23
320290	20.12.23
320300	20.12.22
320411	20.12.21
320412	20.12.21
320413	20.12.21
320414	20.12.21
320415	20.12.21
320416	20.12.21
320417	20.12.21
320418	20.12.21
320419	20.12.21
320420	20.12.21
320490	20.12.21
320500	20.12.21
320611	20.12.24
320619	20.12.24
320620	20.12.24
320641	20.12.24
320642	20.12.24
320649	20.12.24
320650	20.12.24
320710	20.30.21
320720	20.30.21
320730	20.30.21
320740	20.30.21
320810	20.30.12
320820	20.30.12
320890	20.30.12
320910	20.30.11
320990	20.30.11
321000	20.30.22
321100	20.30.22
321210	20.30.22
321290	20.30.22
321310	20.30.23
321390	20.30.23
321410	20.30.22
321490	20.30.22
321511	20.30.24
321519	20.30.24
321590	20.59.30
330112	20.53.10
330113	20.53.10
330119	20.53.10
330124	20.53.10
330125	20.53.10
330129	20.53.10
330130	20.53.10
330190	20.53.10
330210	20.53.10
330290	20.53.10
330300	20.42.11
330410	20.42.12
330420	20.42.12
330430	20.42.13
330491	20.42.14
330499	20.42.15
330510	20.42.16
330520	20.42.16
330530	20.42.16
330590	20.42.17
330610	20.42.18
330620	20.42.18
330690	20.42.18
330710	20.42.19
330720	20.42.19
330730	20.42.19
330741	20.41.41
330749	20.41.41
330790	20.42.19
340111	20.42.19
340119	20.41.31
340120	20.41.31
340130	20.42.19
340231	20.41.20
340239	20.41.20
340241	20.41.20
340242	20.41.20
340249	20.41.20
340250	20.41.32
340290	20.41.32
340311	20.59.41
340319	20.59.41
340391	20.59.41
340399	20.59.41
340420	20.41.42
340490	20.41.42
340510	20.41.43
340520	20.41.43
340530	20.41.43
340540	20.41.44
340590	20.41.43
340600	32.99.54
340700	20.59.52
350110	10.51.53
350190	20.52.10
350211	10.89.12
350219	10.89.12
350220	20.59.60
350290	20.59.60
350300	20.52.10
350300	20.59.60
350400	20.59.51
350510	10.62.11
350520	20.52.10
350610	20.52.10
350691	20.52.10
350699	20.52.10
350710	20.14.64
350790	20.14.64
360100	20.51.11
360200	20.51.11
360310	20.51.12
360320	20.51.12
360330	20.51.12
360340	20.51.12
360350	20.51.12
360360	20.51.12
360410	20.51.13
360490	20.51.14
360500	20.51.20
360610	32.99.43
360690	32.99.42
370110	20.59.11
370120	20.59.11
370130	20.59.11
370191	20.59.11
370199	20.59.11
370210	20.59.11
370231	20.59.11
370232	20.59.11
370239	20.59.11
370241	20.59.11
370242	20.59.11
370243	20.59.11
370244	20.59.11
370252	20.59.11
370253	20.59.11
370254	20.59.11
370255	20.59.11
370256	20.59.11
370296	20.59.11
370297	20.59.11
370298	20.59.11
370310	20.59.11
370320	20.59.11
370390	20.59.11
370400	74.20.11
370500	74.20.12
370500	74.20.19
370610	59.11.22
370690	59.11.22
370710	20.59.12
370790	20.59.12
380110	23.99.14
380120	23.99.14
380130	23.99.14
380190	23.99.14
380210	20.59.54
380290	20.14.71
380300	20.14.71
380400	20.14.80
380510	20.14.71
380590	20.14.71
380610	20.14.71
380620	20.14.71
380630	20.14.71
380690	20.14.71
380700	20.14.71
380852	20.20.19
380859	20.20.19
380861	20.20.11
380862	20.20.11
380869	20.20.11
380891	20.20.11
380892	20.20.15
380893	20.20.12
380893	20.20.13
380894	20.20.14
380899	20.20.19
380910	20.59.55
380991	20.59.55
380992	20.59.55
380993	20.59.55
381010	20.59.56
381090	20.59.56
381111	20.59.42
381119	20.59.42
381121	20.59.42
381129	20.59.42
381190	20.59.42
381210	20.59.56
381220	20.59.56
381231	20.59.56
381239	20.59.56
381300	20.59.52
381400	20.30.22
381511	20.59.56
381512	20.59.56
381519	20.59.56
381590	20.59.56
381600	23.20.13
381600	23.52.30
381700	20.59.56
381800	20.59.53
381900	20.59.43
382000	20.59.43
382100	20.59.52
382211	20.59.52
382212	20.59.52
382213	20.59.52
382219	20.59.52
382290	20.59.52
382311	20.14.31
382312	20.14.31
382313	20.14.31
382319	20.14.31
382370	20.14.21
382410	20.59.57
382430	20.59.57
382440	20.59.57
382450	23.63.10
382450	23.64.10
382460	20.59.57
382481	20.59.59
382482	20.59.59
382483	20.59.59
382484	20.59.59
382485	20.59.59
382486	20.59.59
382487	20.59.59
382488	20.59.59
382489	20.59.59
382491	20.59.59
382492	20.59.59
382499	20.59.57
382499	20.59.59
382510	38.11.31
382520	37.00.20
382530	38.12.23
382541	38.21.30
382549	38.21.30
382550	38.12.24
382561	38.12.24
382569	38.12.24
382590	38.11.39
382590	38.12.29
382600	20.59.59
382711	20.59.59
382712	20.59.59
382713	20.59.59
382714	20.59.59
382720	20.59.59
382731	20.59.59
382732	20.59.59
382739	20.59.59
382740	20.59.59
382751	20.59.59
382759	20.59.59
382761	20.59.59
382762	20.59.59
382763	20.59.59
382764	20.59.59
382765	20.59.59
382768	20.59.59
382769	20.59.59
382790	20.59.59
390110	20.16.10
390120	20.16.10
390130	20.16.10
390140	20.16.10
390190	20.16.10
390210	20.16.51
390220	20.16.51
390230	20.16.51
390290	20.16.51
390311	20.16.20
390319	20.16.20
390320	20.16.20
390330	20.16.20
390390	20.16.20
390410	20.16.30
390421	20.16.30
390422	20.16.30
390430	20.16.30
390440	20.16.30
390450	20.16.30
390461	20.16.30
390469	20.16.30
390490	20.16.30
390512	20.16.52
390519	20.16.52
390521	20.16.52
390529	20.16.52
390530	20.16.52
390591	20.16.52
390599	20.16.52
390610	20.16.53
390690	20.16.53
390710	20.16.40
390721	20.16.40
390729	20.16.40
390730	20.16.40
390740	20.16.40
390750	20.16.40
390761	20.16.40
390769	20.16.40
390770	20.16.40
390791	20.16.40
390799	20.16.40
390810	20.16.54
390890	20.16.54
390910	20.16.55
390920	20.16.55
390931	20.16.56
390939	20.16.56
390940	20.16.56
390950	20.16.56
391000	20.16.57
391110	20.16.59
391120	20.16.59
391190	20.16.59
391211	20.16.59
391212	20.16.59
391220	20.16.59
391231	20.16.59
391239	20.16.59
391290	20.16.59
391310	20.16.59
391390	20.16.59
391400	20.16.59
391510	38.11.55
391510	38.32.33
391520	38.11.55
391520	38.32.33
391530	38.11.55
391530	38.32.33
391590	38.11.55
391590	38.32.33
391610	22.21.10
391620	22.21.10
391690	22.21.10
391710	22.21.21
391721	22.21.21
391722	22.21.21
391723	22.21.21
391729	22.21.21
391731	22.21.29
391732	22.21.29
391733	22.21.29
391739	22.21.29
391740	22.21.29
391810	22.23.11
391890	22.23.11
391910	22.29.21
391990	22.29.22
392010	22.21.30
392020	22.21.30
392030	22.21.30
392043	22.21.30
392049	22.21.30
392051	22.21.30
392059	22.21.30
392061	22.21.30
392062	22.21.30
392063	22.21.30
392069	22.21.30
392071	22.21.30
392073	22.21.30
392079	22.21.30
392091	22.21.30
392092	22.21.30
392093	22.21.30
392094	22.21.30
392099	22.21.30
392111	22.21.41
392112	22.21.41
392113	22.21.41
392114	22.21.41
392119	22.21.41
392190	22.21.42
392210	22.23.12
392220	22.23.12
392290	22.23.12
392310	22.22.13
392321	22.22.11
392329	22.22.12
392330	22.22.14
392340	22.22.19
392350	22.22.19
392390	22.22.19
392410	22.29.23
392490	22.29.23
392510	22.23.13
392520	22.23.14
392530	22.23.14
392590	22.23.19
392590	27.33.14
392610	22.29.25
392620	22.29.10
392630	22.29.26
392640	22.29.26
392690	22.29.26
392690	22.29.29
400110	01.29.10
400121	01.29.10
400122	01.29.10
400129	01.29.10
400130	02.30.11
400211	20.17.10
400219	20.17.10
400220	20.17.10
400231	20.17.10
400239	20.17.10
400241	20.17.10
400249	20.17.10
400251	20.17.10
400259	20.17.10
400260	20.17.10
400270	20.17.10
400280	20.17.10
400291	20.17.10
400299	20.17.10
400300	22.19.10
400400	38.11.54
400400	38.32.34
400510	22.19.20
400520	22.19.20
400591	22.19.20
400599	22.19.20
400610	22.11.16
400690	22.19.20
400700	22.19.20
400811	22.19.20
400819	22.19.20
400821	22.19.20
400829	22.19.20
400911	22.19.30
400912	22.19.30
400921	22.19.30
400922	22.19.30
400931	22.19.30
400932	22.19.30
400941	22.19.30
400942	22.19.30
401011	22.19.40
401012	22.19.40
401019	22.19.40
401031	22.19.40
401032	22.19.40
401033	22.19.40
401034	22.19.40
401035	22.19.40
401036	22.19.40
401039	22.19.40
401110	22.11.11
401120	22.11.13
401130	22.11.13
401140	22.11.12
401150	22.11.12
401170	22.11.14
401180	22.11.14
401190	22.11.14
401211	22.11.20
401212	22.11.20
401213	22.11.20
401219	22.11.20
401220	38.11.53
401290	22.11.15
401310	22.11.15
401320	22.11.15
401390	22.11.15
401410	22.19.71
401490	22.19.71
401512	22.19.60
401519	22.19.60
401590	22.19.60
401610	22.19.73
401691	22.19.72
401692	22.19.73
401693	22.19.73
401694	22.19.73
401695	22.19.73
401699	22.19.73
401700	22.19.73
410120	10.11.42
410150	10.11.42
410190	10.11.43
410210	10.11.44
410221	10.11.44
410229	10.11.44
410320	01.49.39
410330	01.49.39
410390	10.11.45
410411	15.11.31
410411	15.11.32
410411	15.11.33
410419	15.11.31
410419	15.11.32
410419	15.11.33
410441	15.11.31
410441	15.11.32
410441	15.11.33
410449	15.11.31
410449	15.11.32
410449	15.11.33
410510	15.11.41
410530	15.11.41
410621	15.11.42
410622	15.11.42
410631	15.11.43
410632	15.11.43
410640	15.11.51
410691	15.11.51
410692	15.11.51
410711	15.11.31
410711	15.11.33
410712	15.11.31
410712	15.11.33
410719	15.11.31
410719	15.11.33
410791	15.11.32
410792	15.11.32
410792	15.11.33
410799	15.11.32
410799	15.11.33
411200	15.11.41
411310	15.11.42
411320	15.11.43
411330	15.11.51
411390	15.11.51
411410	15.11.21
411420	15.11.22
411510	15.11.52
411520	38.11.57
420100	15.12.11
420211	15.12.12
420212	15.12.12
420219	15.12.12
420221	15.12.12
420222	15.12.12
420229	15.12.12
420231	15.12.12
420232	15.12.12
420239	15.12.12
420291	15.12.12
420292	15.12.12
420299	15.12.12
420310	14.11.10
420321	32.30.15
420329	14.19.31
420329	32.99.11
420330	14.19.31
420340	14.19.31
420500	15.12.19
420600	32.99.59
430110	01.49.31
430130	01.49.32
430160	01.49.31
430180	01.49.31
430190	01.49.31
430211	15.11.10
430219	15.11.10
430220	15.11.10
430230	15.11.10
430310	14.20.10
430390	14.20.10
430400	13.91.19
440111	02.20.14
440112	02.20.14
440121	16.10.23
440122	16.10.23
440131	38.11.59
440132	38.11.59
440139	38.11.59
440141	38.11.59
440149	38.11.59
440210	20.14.72
440220	20.14.72
440290	20.14.72
440311	16.10.31
440312	16.10.31
440321	02.20.11
440322	02.20.11
440323	02.20.11
440324	02.20.11
440325	02.20.11
440326	02.20.11
440341	02.20.13
440342	02.20.13
440349	02.20.13
440391	02.20.12
440393	02.20.12
440394	02.20.12
440395	02.20.12
440396	02.20.12
440397	02.20.12
440398	02.20.12
440399	02.20.12
440410	16.10.39
440420	16.10.39
440500	16.10.22
440611	16.10.10
440612	16.10.10
440691	16.10.32
440692	16.10.32
440711	16.10.10
440712	16.10.10
440713	16.10.10
440714	16.10.10
440719	16.10.10
440721	16.10.10
440722	16.10.10
440723	16.10.10
440725	16.10.10
440726	16.10.10
440727	16.10.10
440728	16.10.10
440729	16.10.10
440791	16.10.10
440792	16.10.10
440793	16.10.10
440794	16.10.10
440795	16.10.10
440796	16.10.10
440797	16.10.10
440799	16.10.10
440810	16.21.21
440831	16.21.21
440839	16.21.21
440890	16.21.21
440910	16.10.21
440921	16.10.21
440922	16.10.21
440929	16.10.21
441011	16.21.13
441012	16.21.13
441019	16.21.13
441090	16.21.13
441112	16.21.14
441113	16.21.14
441114	16.21.14
441192	16.21.14
441193	16.21.14
441194	16.21.14
441210	16.21.11
441231	16.21.12
441233	16.21.12
441234	16.21.12
441239	16.21.12
441241	16.21.12
441242	16.21.12
441249	16.21.12
441251	16.21.12
441252	16.21.12
441259	16.21.12
441291	16.21.12
441292	16.21.12
441299	16.21.12
441300	16.21.22
441410	16.29.14
441490	16.29.14
441510	16.24.13
441520	16.24.11
441600	16.24.12
441700	16.29.11
441811	16.23.11
441819	16.23.11
441821	16.23.11
441829	16.23.11
441830	16.23.19
441840	16.23.12
441850	16.23.12
441873	16.22.10
441874	16.22.10
441875	16.22.10
441879	16.22.10
441881	16.23.19
441882	16.23.19
441883	16.23.19
441889	16.23.19
441891	16.23.19
441892	16.23.19
441899	16.23.19
441911	16.29.12
441912	16.29.12
441919	16.29.12
441920	16.29.12
441990	16.29.12
442011	16.29.13
442019	16.29.13
442090	16.29.13
442110	16.29.14
442120	32.99.59
442191	16.29.14
442199	16.29.14
450110	02.30.20
450190	16.29.21
450200	16.29.21
450310	16.29.22
450390	16.29.22
450410	16.29.23
450490	16.29.24
460121	16.29.25
460122	16.29.25
460129	16.29.25
460192	16.29.25
460193	16.29.25
460194	16.29.25
460199	16.29.25
460211	16.29.25
460212	16.29.25
460219	16.29.25
460290	16.29.25
470100	17.11.14
470200	17.11.11
470311	17.11.12
470319	17.11.12
470321	17.11.12
470329	17.11.12
470411	17.11.13
470419	17.11.13
470421	17.11.13
470429	17.11.13
470500	17.11.14
470610	17.11.14
470620	17.11.14
470630	17.11.14
470691	17.11.14
470692	17.11.14
470693	17.11.14
470710	38.32.32
470720	38.32.32
470730	38.32.32
470790	38.11.52
480100	17.12.11
480210	17.12.12
480220	17.12.13
480240	17.12.13
480254	17.12.14
480255	17.12.14
480256	17.12.14
480257	17.12.14
480258	17.12.14
480261	17.12.14
480262	17.12.14
480269	17.12.14
480300	17.12.20
480411	17.12.31
480419	17.12.32
480421	17.12.41
480429	17.12.41
480431	17.12.41
480439	17.12.41
480441	17.12.59
480442	17.12.59
480449	17.12.59
480451	17.12.59
480452	17.12.59
480459	17.12.51
480459	17.12.59
480511	17.12.33
480512	17.12.34
480519	17.12.34
480524	17.12.35
480525	17.12.35
480530	17.12.42
480540	17.12.43
480550	17.12.43
480591	17.12.42
480592	17.12.42
480593	17.12.42
480610	17.12.60
480620	17.12.60
480630	17.12.60
480640	17.12.60
480700	17.12.71
480810	17.21.11
480840	17.12.41
480890	17.12.72
480920	17.12.76
480990	17.12.76
481013	17.12.73
481014	17.12.73
481019	17.12.73
481022	17.12.73
481029	17.12.73
481031	17.12.74
481032	17.12.75
481039	17.12.78
481092	17.12.78
481092	17.12.79
481099	17.12.79
481110	17.12.77
481141	17.12.77
481149	17.12.77
481151	17.12.77
481159	17.12.77
481160	17.12.77
481190	17.12.77
481200	17.29.12
481310	17.29.19
481320	17.29.19
481390	17.12.44
481420	17.24.11
481490	17.24.11
481620	17.23.11
481690	17.23.11
481710	17.23.12
481720	17.23.12
481730	17.23.12
481810	17.22.11
481820	17.22.11
481830	17.22.11
481850	17.22.12
481890	17.22.12
481910	17.21.13
481920	17.21.14
481930	17.21.12
481940	17.21.12
481950	17.21.15
481960	17.21.15
482010	17.23.13
482020	17.23.13
482030	17.23.13
482040	17.23.13
482050	17.23.13
482090	17.23.13
482110	17.29.11
482190	17.29.11
482210	17.29.19
482290	17.29.19
482320	17.29.19
482340	17.29.19
482361	17.22.13
482369	17.22.13
482370	17.29.19
482390	17.23.14
482390	17.29.19
490110	58.11.19
490191	58.11.14
490199	58.11.11
490199	58.11.12
490199	58.11.19
490210	58.13.10
490290	58.12.10
490290	58.14.11
490290	58.14.12
490290	58.14.19
490300	58.11.13
490400	59.20.31
490520	58.11.15
490590	58.11.16
490600	41.10.10
490600	71.11.10
490700	58.19.14
490810	58.19.13
490890	58.19.13
490900	58.19.11
491000	58.19.13
491110	58.19.15
491191	58.19.12
491199	58.19.19
500100	01.49.25
500200	13.10.21
500300	38.11.56
500400	13.10.40
500500	13.10.40
500600	13.10.40
500710	13.20.11
500720	13.20.11
500790	13.20.11
510111	01.45.30
510119	10.11.41
510121	13.10.22
510129	13.10.22
510130	13.10.22
510211	01.49.28
510219	01.49.28
510220	01.49.28
510310	13.10.23
510320	38.32.39
510330	38.11.56
510400	13.10.91
510510	13.10.24
510521	13.10.24
510529	13.10.24
510531	13.10.24
510539	13.10.24
510540	13.10.24
510610	13.10.50
510620	13.10.50
510710	13.10.50
510720	13.10.50
510810	13.10.50
510820	13.10.50
510910	13.10.50
510990	13.10.50
511000	13.10.50
511111	13.20.12
511119	13.20.12
511120	13.20.12
511130	13.20.12
511190	13.20.12
511211	13.20.12
511219	13.20.12
511220	13.20.12
511230	13.20.12
511290	13.20.12
511300	13.20.12
520100	01.16.11
520210	38.32.35
520210	38.32.39
520291	13.10.92
520299	13.10.92
520300	13.10.25
520411	13.10.62
520419	13.10.62
520420	13.10.62
520511	13.10.61
520512	13.10.61
520513	13.10.61
520514	13.10.61
520515	13.10.61
520521	13.10.61
520522	13.10.61
520523	13.10.61
520524	13.10.61
520526	13.10.61
520527	13.10.61
520528	13.10.61
520531	13.10.61
520532	13.10.61
520533	13.10.61
520534	13.10.61
520535	13.10.61
520541	13.10.61
520542	13.10.61
520543	13.10.61
520544	13.10.61
520546	13.10.61
520547	13.10.61
520548	13.10.61
520611	13.10.61
520612	13.10.61
520613	13.10.61
520614	13.10.61
520615	13.10.61
520621	13.10.61
520622	13.10.61
520623	13.10.61
520624	13.10.61
520625	13.10.61
520631	13.10.61
520632	13.10.61
520633	13.10.61
520634	13.10.61
520635	13.10.61
520641	13.10.61
520642	13.10.61
520643	13.10.61
520644	13.10.61
520645	13.10.61
520710	13.10.61
520790	13.10.61
520811	13.20.20
520812	13.20.20
520813	13.20.20
520819	13.20.20
520821	13.20.20
520822	13.20.20
520823	13.20.20
520829	13.20.20
520831	13.20.20
520832	13.20.20
520833	13.20.20
520839	13.20.20
520841	13.20.20
520842	13.20.20
520843	13.20.20
520849	13.20.20
520851	13.20.20
520852	13.20.20
520859	13.20.20
520911	13.20.20
520912	13.20.20
520919	13.20.20
520921	13.20.20
520922	13.20.20
520929	13.20.20
520931	13.20.20
520932	13.20.20
520939	13.20.20
520941	13.20.20
520942	13.20.20
520943	13.20.20
520949	13.20.20
520951	13.20.20
520952	13.20.20
520959	13.20.20
521011	13.20.20
521019	13.20.20
521021	13.20.20
521029	13.20.20
521031	13.20.20
521032	13.20.20
521039	13.20.20
521041	13.20.20
521049	13.20.20
521051	13.20.20
521059	13.20.20
521111	13.20.20
521112	13.20.20
521119	13.20.20
521120	13.20.20
521131	13.20.20
521132	13.20.20
521139	13.20.20
521141	13.20.20
521142	13.20.20
521143	13.20.20
521149	13.20.20
521151	13.20.20
521152	13.20.20
521159	13.20.20
521211	13.20.20
521212	13.20.20
521213	13.20.20
521214	13.20.20
521215	13.20.20
521221	13.20.20
521222	13.20.20
521223	13.20.20
521224	13.20.20
521225	13.20.20
530110	01.16.19
530121	13.10.29
530129	13.10.29
530130	13.10.29
530210	01.16.19
530290	13.10.29
530310	01.16.12
530390	13.10.26
530500	13.10.29
530610	13.10.71
530620	13.10.71
530710	13.10.72
530720	13.10.72
530810	13.10.72
530820	13.10.72
530890	13.10.72
530911	13.20.13
530919	13.20.13
530921	13.20.13
530929	13.20.13
531010	13.20.14
531090	13.20.14
531100	13.20.19
540110	13.10.85
540120	13.10.85
540211	20.60.12
540219	20.60.12
540220	20.60.12
540231	20.60.13
540232	20.60.13
540233	20.60.13
540234	20.60.13
540239	20.60.13
540244	20.60.13
540245	20.60.13
540246	20.60.13
540247	20.60.13
540248	20.60.13
540249	20.60.13
540251	20.60.13
540252	20.60.13
540253	20.60.13
540259	20.60.13
540261	13.10.81
540262	13.10.81
540263	13.10.81
540269	13.10.81
540310	20.60.22
540331	20.60.23
540332	20.60.23
540333	20.60.23
540339	20.60.23
540341	13.10.81
540342	13.10.81
540349	13.10.81
540411	20.60.14
540412	20.60.14
540419	20.60.14
540490	20.60.14
540500	20.60.24
540600	13.10.81
540710	13.20.31
540720	13.20.31
540730	13.20.31
540741	13.20.31
540742	13.20.31
540743	13.20.31
540744	13.20.31
540751	13.20.31
540752	13.20.31
540753	13.20.31
540754	13.20.31
540761	13.20.31
540769	13.20.31
540771	13.20.31
540772	13.20.31
540773	13.20.31
540774	13.20.31
540781	13.20.31
540782	13.20.31
540783	13.20.31
540784	13.20.31
540791	13.20.31
540792	13.20.31
540793	13.20.31
540794	13.20.31
540810	13.20.31
540821	13.20.31
540822	13.20.31
540823	13.20.31
540824	13.20.31
540831	13.20.31
540832	13.20.31
540833	13.20.31
540834	13.20.31
550111	20.60.11
550119	20.60.11
550120	20.60.11
550130	20.60.11
550140	20.60.11
550190	20.60.11
550210	20.60.21
550290	20.60.21
550311	20.60.11
550319	20.60.11
550320	20.60.11
550330	20.60.11
550340	20.60.11
550390	20.60.11
550410	20.60.21
550490	20.60.21
550510	38.32.35
550520	38.32.35
550610	13.10.31
550620	13.10.31
550630	13.10.31
550640	13.10.31
550690	13.10.31
550700	13.10.32
550810	13.10.85
550820	13.10.85
550911	13.10.82
550912	13.10.82
550921	13.10.82
550922	13.10.82
550931	13.10.82
550932	13.10.82
550941	13.10.82
550942	13.10.82
550951	13.10.83
550952	13.10.83
550953	13.10.83
550959	13.10.83
550961	13.10.83
550962	13.10.83
550969	13.10.83
550991	13.10.83
550992	13.10.83
550999	13.10.83
551011	13.10.84
551012	13.10.84
551020	13.10.84
551030	13.10.84
551090	13.10.84
551110	13.10.82
551120	13.10.83
551130	13.10.84
551211	13.20.32
551219	13.20.32
551221	13.20.32
551229	13.20.32
551291	13.20.32
551299	13.20.32
551311	13.20.32
551312	13.20.32
551313	13.20.32
551319	13.20.32
551321	13.20.32
551323	13.20.32
551329	13.20.32
551331	13.20.32
551339	13.20.32
551341	13.20.32
551349	13.20.32
551411	13.20.32
551412	13.20.32
551419	13.20.32
551421	13.20.32
551422	13.20.32
551423	13.20.32
551429	13.20.32
551430	13.20.32
551441	13.20.32
551442	13.20.32
551443	13.20.32
551449	13.20.32
551511	13.20.32
551512	13.20.32
551513	13.20.32
551519	13.20.32
551521	13.20.32
551522	13.20.32
551529	13.20.32
551591	13.20.32
551599	13.20.32
551611	13.20.33
551612	13.20.33
551613	13.20.33
551614	13.20.33
551621	13.20.33
551622	13.20.33
551623	13.20.33
551624	13.20.33
551631	13.20.33
551632	13.20.33
551633	13.20.33
551634	13.20.33
551641	13.20.33
551642	13.20.33
551643	13.20.33
551644	13.20.33
551691	13.20.33
551692	13.20.33
551693	13.20.33
551694	13.20.33
560121	17.22.12
560122	17.22.12
560129	17.22.12
560130	13.99.14
560210	13.99.13
560221	13.99.13
560229	13.99.13
560290	13.99.13
560311	13.95.10
560312	13.95.10
560313	13.95.10
560314	13.95.10
560391	13.95.10
560392	13.95.10
560393	13.95.10
560394	13.95.10
560410	13.96.13
560490	13.96.13
560500	13.96.11
560600	13.99.15
560721	13.94.11
560729	13.94.11
560741	13.94.12
560749	13.94.12
560750	13.94.12
560790	13.94.11
560811	13.94.12
560819	13.94.12
560890	13.94.12
560900	13.94.12
570110	13.93.11
570190	13.93.11
570210	13.93.12
570220	13.93.12
570231	13.93.12
570232	13.93.12
570239	13.93.12
570241	13.93.12
570242	13.93.12
570249	13.93.12
570250	13.93.12
570291	13.93.12
570292	13.93.12
570299	13.93.12
570310	13.93.13
570321	13.93.13
570329	13.93.13
570331	13.93.13
570339	13.93.13
570390	13.93.13
570410	13.93.19
570420	13.93.19
570490	13.93.19
570500	13.93.19
580110	13.20.41
580121	13.20.41
580122	13.20.41
580123	13.20.41
580126	13.20.41
580127	13.20.41
580131	13.20.41
580132	13.20.41
580133	13.20.41
580136	13.20.41
580137	13.20.41
580190	13.20.41
580210	13.20.42
580220	13.20.43
580230	13.20.45
580300	13.20.44
580410	13.99.11
580421	13.99.11
580429	13.99.11
580430	13.99.11
580500	13.92.16
580610	13.96.17
580620	13.96.17
580631	13.96.17
580632	13.96.17
580639	13.96.17
580640	13.96.17
580710	13.96.17
580790	13.96.17
580810	13.96.17
580890	13.96.17
580900	13.96.12
581010	13.99.12
581091	13.99.12
581092	13.99.12
581099	13.99.12
581100	13.99.16
590110	13.96.14
590190	13.96.14
590210	13.96.15
590220	13.96.15
590290	13.96.15
590310	13.96.14
590320	13.96.14
590390	13.96.14
590410	22.23.15
590490	22.23.15
590500	17.24.12
590610	22.19.50
590691	22.19.50
590699	22.19.50
590700	13.96.14
590800	13.96.16
590900	13.96.16
591000	13.96.16
591110	13.96.16
591120	13.96.16
591131	13.96.16
591132	13.96.16
591140	13.96.16
591190	13.96.16
600110	13.91.11
600121	13.91.11
600122	13.91.11
600129	13.91.11
600191	13.91.11
600192	13.91.11
600199	13.91.11
600240	13.91.19
600290	13.91.19
600310	13.91.19
600320	13.91.19
600330	13.91.19
600340	13.91.19
600390	13.91.19
600410	13.91.19
600490	13.91.19
600521	13.91.19
600522	13.91.19
600523	13.91.19
600524	13.91.19
600535	13.91.19
600536	13.91.19
600537	13.91.19
600538	13.91.19
600539	13.91.19
600541	13.91.19
600542	13.91.19
600543	13.91.19
600544	13.91.19
600590	13.91.19
600610	13.91.19
600621	13.91.19
600622	13.91.19
600623	13.91.19
600624	13.91.19
600631	13.91.19
600632	13.91.19
600633	13.91.19
600634	13.91.19
600641	13.91.19
600642	13.91.19
600643	13.91.19
600644	13.91.19
600690	13.91.19
610120	14.13.11
610130	14.13.11
610190	14.13.11
610210	14.13.13
610220	14.13.13
610230	14.13.13
610290	14.13.13
610310	14.13.12
610322	14.13.12
610323	14.13.12
610329	14.13.12
610331	14.13.12
610332	14.13.12
610333	14.13.12
610339	14.13.12
610341	14.13.12
610342	14.13.12
610343	14.13.12
610349	14.13.12
610413	14.13.14
610419	14.13.14
610422	14.13.14
610423	14.13.14
610429	14.13.14
610431	14.13.14
610432	14.13.14
610433	14.13.14
610439	14.13.14
610441	14.13.14
610442	14.13.14
610443	14.13.14
610444	14.13.14
610449	14.13.14
610451	14.13.14
610452	14.13.14
610453	14.13.14
610459	14.13.14
610461	14.13.14
610462	14.13.14
610463	14.13.14
610469	14.13.14
610510	14.14.11
610520	14.14.11
610590	14.14.11
610610	14.14.13
610620	14.14.13
610690	14.14.13
610711	14.14.12
610712	14.14.12
610719	14.14.12
610721	14.14.12
610722	14.14.12
610729	14.14.12
610791	14.14.12
610799	14.14.12
610811	14.14.14
610819	14.14.14
610821	14.14.14
610822	14.14.14
610829	14.14.14
610831	14.14.14
610832	14.14.14
610839	14.14.14
610891	14.14.14
610892	14.14.14
610899	14.14.14
610910	14.14.30
610990	14.14.30
611011	14.39.10
611012	14.39.10
611019	14.39.10
611020	14.39.10
611030	14.39.10
611090	14.39.10
611120	14.19.11
611130	14.19.11
611190	14.19.11
611211	14.19.12
611212	14.19.12
611219	14.19.12
611220	14.19.12
611231	14.19.12
611239	14.19.12
611241	14.19.12
611249	14.19.12
611300	14.19.32
611420	14.19.12
611430	14.19.12
611490	14.19.12
611510	14.31.10
611521	14.31.10
611522	14.31.10
611529	14.31.10
611530	14.31.10
611594	14.31.10
611595	14.31.10
611596	14.31.10
611599	14.31.10
611610	14.19.13
611691	14.19.13
611692	14.19.13
611693	14.19.13
611699	14.19.13
611710	14.19.19
611780	14.19.19
611790	14.19.19
620120	14.13.21
620130	14.13.21
620140	14.13.21
620190	14.13.21
620220	14.13.31
620230	14.13.31
620240	14.13.31
620290	14.13.31
620311	14.13.22
620312	14.13.22
620319	14.13.22
620322	14.12.11
620322	14.13.22
620323	14.12.11
620323	14.13.22
620329	14.12.11
620329	14.13.22
620331	14.13.23
620332	14.12.11
620332	14.13.23
620333	14.12.11
620333	14.13.23
620339	14.12.11
620339	14.13.23
620341	14.13.24
620342	14.12.12
620342	14.13.24
620343	14.12.12
620343	14.13.24
620349	14.12.12
620349	14.13.24
620411	14.13.32
620412	14.13.32
620413	14.13.32
620419	14.13.32
620421	14.13.32
620422	14.12.21
620422	14.13.32
620423	14.12.21
620423	14.13.32
620429	14.12.21
620429	14.13.32
620431	14.13.33
620432	14.12.21
620432	14.13.33
620433	14.12.21
620433	14.13.33
620439	14.12.21
620439	14.13.33
620441	14.13.34
620442	14.13.34
620443	14.13.34
620444	14.13.34
620449	14.13.34
620451	14.13.34
620452	14.13.34
620453	14.13.34
620459	14.13.34
620461	14.13.35
620462	14.12.22
620462	14.13.35
620463	14.12.22
620463	14.13.35
620469	14.12.22
620469	14.13.35
620520	14.14.21
620530	14.14.21
620590	14.14.21
620610	14.14.23
620620	14.14.23
620630	14.14.23
620640	14.14.23
620690	14.14.23
620711	14.14.22
620719	14.14.22
620721	14.14.22
620722	14.14.22
620729	14.14.22
620791	14.14.22
620799	14.14.22
620811	14.14.24
620819	14.14.24
620821	14.14.24
620822	14.14.24
620829	14.14.24
620891	14.14.24
620892	14.14.24
620899	14.14.24
620920	14.19.21
620930	14.19.21
620990	14.19.21
621010	14.19.32
621020	14.19.32
621030	14.19.32
621040	14.19.32
621050	14.19.32
621111	14.19.22
621112	14.19.22
621120	14.19.22
621132	14.12.30
621132	14.19.22
621133	14.12.30
621133	14.19.22
621139	14.19.22
621142	14.12.30
621142	14.19.22
621143	14.12.30
621143	14.19.22
621149	14.19.22
621210	14.14.25
621220	14.14.25
621230	14.14.25
621290	14.14.25
621320	14.19.23
621390	14.19.23
621410	14.19.23
621420	14.19.23
621430	14.19.23
621440	14.19.23
621490	14.19.23
621510	14.19.23
621520	14.19.23
621590	14.19.23
621600	14.19.23
621710	14.19.23
621790	14.19.23
630110	27.51.14
630120	13.92.11
630130	13.92.11
630140	13.92.11
630190	13.92.11
630210	13.92.12
630221	13.92.12
630222	13.92.12
630229	13.92.12
630231	13.92.12
630232	13.92.12
630239	13.92.12
630240	13.92.13
630251	13.92.13
630253	13.92.13
630259	13.92.13
630260	13.92.14
630291	13.92.14
630293	13.92.14
630299	13.92.14
630312	13.92.15
630319	13.92.15
630391	13.92.15
630392	13.92.15
630399	13.92.15
630411	13.92.16
630419	13.92.16
630420	13.92.16
630491	13.92.16
630492	13.92.16
630493	13.92.16
630499	13.92.16
630510	13.92.21
630520	13.92.21
630532	13.92.21
630533	13.92.21
630539	13.92.21
630590	13.92.21
630612	13.92.22
630619	13.92.22
630622	13.92.22
630629	13.92.22
630630	13.92.22
630640	13.92.22
630690	13.92.22
630710	13.92.29
630720	13.92.29
630790	13.92.29
630800	13.92.16
630900	14.13.40
631010	13.94.20
631090	13.94.20
640110	15.20.31
640192	15.20.11
640199	15.20.11
640212	32.30.12
640219	15.20.29
640220	15.20.12
640291	15.20.12
640291	15.20.31
640299	15.20.12
640299	15.20.31
640312	32.30.12
640319	15.20.29
640320	15.20.32
640340	15.20.31
640351	15.20.13
640359	15.20.13
640391	15.20.13
640399	15.20.13
640411	15.20.21
640419	15.20.14
640420	15.20.14
640510	15.20.13
640520	15.20.14
640590	15.20.32
640610	15.20.40
640620	22.19.73
640620	22.29.29
640690	15.20.40
650100	14.19.41
650200	14.19.41
650400	14.19.42
650500	14.19.42
650610	32.99.11
650691	22.29.10
650699	14.19.42
650699	14.19.43
650700	14.19.43
660110	32.99.21
660191	32.99.21
660199	32.99.21
660200	32.99.21
660320	32.99.22
660390	16.29.14
660390	32.99.22
670100	10.12.50
670210	32.99.55
670290	32.99.55
670300	32.99.30
670411	32.99.30
670419	32.99.30
670420	32.99.30
670490	32.99.30
680100	23.70.12
680210	23.70.12
680221	23.70.11
680223	23.70.12
680229	23.70.12
680291	23.70.11
680292	23.70.12
680293	23.70.12
680299	23.70.12
680300	23.70.12
680410	23.91.11
680421	23.91.11
680422	23.91.11
680423	23.91.11
680430	23.91.11
680510	23.91.12
680520	23.91.12
680530	23.91.12
680610	23.99.19
680620	23.99.19
680690	23.99.19
680710	23.99.12
680790	23.99.12
680800	23.65.11
680911	23.62.10
680919	23.62.10
680990	23.69.11
681011	23.61.11
681019	23.61.11
681091	23.61.12
681099	23.69.19
681140	23.65.12
681181	23.65.12
681182	23.65.12
681189	23.65.12
681280	23.99.11
681291	23.99.11
681299	23.99.11
681320	23.99.11
681381	23.99.11
681389	23.99.11
681410	23.99.19
681490	23.99.19
681511	23.99.19
681512	23.99.19
681513	23.99.19
681519	23.99.19
681520	23.99.19
681591	23.20.14
681599	23.99.19
690100	23.20.11
690210	23.20.12
690220	23.20.12
690290	23.20.12
690310	23.20.14
690320	23.20.14
690390	23.20.14
690410	23.32.11
690490	23.32.11
690510	23.32.12
690590	23.32.12
690600	23.32.13
690721	23.31.10
690722	23.31.10
690723	23.31.10
690730	23.31.10
690740	23.31.10
690911	23.44.11
690912	23.44.12
690919	23.44.12
690990	23.49.11
691010	23.42.10
691090	23.42.10
691110	23.41.11
691190	23.41.11
691200	23.41.12
691310	23.41.13
691390	23.41.13
691410	23.49.12
691490	23.49.12
700100	23.19.11
700100	38.11.51
700100	38.32.31
700210	23.19.11
700220	23.19.11
700231	23.19.11
700232	23.19.11
700239	23.19.11
700312	23.11.11
700319	23.11.11
700320	23.11.11
700330	23.11.11
700420	23.11.11
700490	23.11.11
700510	23.11.12
700521	23.11.12
700529	23.11.12
700530	23.11.12
700600	23.12.11
700711	23.12.12
700719	23.12.12
700721	23.12.12
700729	23.12.12
700800	23.12.13
700910	23.12.13
700991	23.12.13
700992	23.12.13
701010	23.19.23
701020	23.13.11
701090	23.13.11
701110	23.19.21
701120	23.19.21
701190	23.19.21
701310	23.13.13
701322	23.13.12
701328	23.13.12
701333	23.13.12
701337	23.13.12
701341	23.13.13
701342	23.13.13
701349	23.13.13
701391	23.13.13
701399	23.13.13
701400	23.19.26
701510	23.19.22
701590	23.19.22
701610	23.19.26
701690	23.19.12
701710	23.19.23
701720	23.19.23
701790	23.19.23
701810	23.19.26
701820	23.19.26
701890	23.19.26
701911	23.14.11
701912	23.14.11
701913	23.14.11
701914	23.14.12
701915	23.14.12
701919	23.14.11
701919	23.14.12
701961	13.20.46
701962	23.14.12
701963	13.20.46
701964	13.20.46
701965	13.20.46
701966	13.20.46
701969	13.20.46
701969	23.14.12
701971	23.14.12
701972	23.14.12
701973	23.14.12
701980	23.14.12
701990	23.14.12
702000	23.13.14
702000	23.19.26
710110	03.11.50
710121	03.21.42
710122	32.12.11
710210	08.99.21
710221	08.99.22
710229	32.12.12
710231	08.99.21
710239	32.12.11
710310	08.99.21
710391	32.12.11
710399	32.12.11
710410	20.13.68
710421	20.13.68
710429	20.13.68
710491	32.12.11
710499	32.12.11
710510	32.12.12
710590	32.12.12
710610	24.41.10
710691	24.41.10
710692	24.41.10
710700	24.41.50
710811	24.41.20
710812	24.41.20
710813	24.41.20
710820	24.41.20
710900	24.41.40
711011	24.41.30
711019	24.41.30
711021	24.41.30
711029	24.41.30
711031	24.41.30
711039	24.41.30
711041	24.41.30
711049	24.41.30
711100	24.41.50
711230	38.32.21
711291	38.32.21
711292	38.32.21
711299	38.32.21
711311	32.12.13
711319	32.12.13
711320	32.12.13
711411	32.12.13
711419	32.12.13
711420	32.12.13
711510	24.41.30
711590	32.12.14
711610	32.12.14
711620	32.12.14
711711	32.13.10
711719	32.13.10
711790	32.13.10
711810	32.11.10
711890	32.11.10
720110	24.10.11
720120	24.10.11
720150	24.10.11
720211	24.10.12
720219	24.10.12
720221	24.10.12
720229	24.10.12
720230	24.10.12
720241	24.10.12
720249	24.10.12
720250	24.10.12
720260	24.10.12
720270	24.10.12
720280	24.10.12
720291	24.10.12
720292	24.10.12
720293	24.10.12
720299	24.10.12
720310	24.10.13
720390	24.10.13
720410	38.32.22
720421	38.32.22
720429	38.32.22
720430	38.32.22
720441	38.32.22
720449	38.32.22
720450	24.10.14
720510	24.10.14
720521	24.10.14
720529	24.10.14
720610	24.10.21
720690	24.10.21
720711	24.10.21
720712	24.10.21
720719	24.10.21
720720	24.10.21
720810	24.10.31
720825	24.10.31
720826	24.10.31
720827	24.10.31
720836	24.10.31
720837	24.10.31
720838	24.10.31
720839	24.10.31
720840	24.10.31
720851	24.10.31
720852	24.10.31
720853	24.10.31
720854	24.10.31
720890	24.10.31
720915	24.10.41
720916	24.10.41
720917	24.10.41
720918	24.10.41
720925	24.10.41
720926	24.10.41
720927	24.10.41
720928	24.10.41
720990	24.10.41
721011	24.10.51
721012	24.10.51
721020	24.10.51
721030	24.10.51
721041	24.10.51
721049	24.10.51
721050	24.10.51
721061	24.10.51
721069	24.10.51
721070	24.10.51
721090	24.10.51
721113	24.10.32
721114	24.10.32
721119	24.10.32
721123	24.32.10
721129	24.32.10
721190	24.32.10
721210	24.32.20
721220	24.32.20
721230	24.32.20
721240	24.32.20
721250	24.32.20
721260	24.32.20
721310	24.10.61
721320	24.10.61
721391	24.10.61
721399	24.10.61
721410	24.10.62
721420	24.10.62
721430	24.10.62
721491	24.10.62
721499	24.10.62
721510	24.31.10
721550	24.31.10
721590	24.31.10
721610	24.10.71
721621	24.10.71
721622	24.10.71
721631	24.10.71
721632	24.10.71
721633	24.10.71
721640	24.10.71
721650	24.10.71
721661	24.33.11
721669	24.31.10
721691	24.33.11
721691	24.33.20
721699	24.33.11
721710	24.34.11
721720	24.34.11
721730	24.34.11
721790	24.34.11
721810	24.10.22
721891	24.10.22
721899	24.10.22
721911	24.10.33
721912	24.10.33
721913	24.10.33
721914	24.10.33
721921	24.10.33
721922	24.10.33
721923	24.10.33
721924	24.10.33
721931	24.10.42
721932	24.10.42
721933	24.10.42
721934	24.10.42
721935	24.10.42
721990	24.10.42
722011	24.10.34
722012	24.10.34
722020	24.32.10
722090	24.32.10
722100	24.10.63
722211	24.10.64
722219	24.10.64
722220	24.31.30
722230	24.10.64
722240	24.10.72
722240	24.33.12
722300	24.34.12
722410	24.10.23
722490	24.10.23
722511	24.10.53
722519	24.10.53
722530	24.10.35
722540	24.10.35
722550	24.10.43
722591	24.10.52
722592	24.10.52
722599	24.10.52
722611	24.10.54
722619	24.10.54
722620	24.10.55
722691	24.10.36
722692	24.32.10
722699	24.32.10
722699	24.32.20
722710	24.10.65
722720	24.10.65
722790	24.10.65
722810	24.10.66
722810	24.31.20
722820	24.10.66
722820	24.31.20
722830	24.10.66
722840	24.10.66
722850	24.31.20
722860	24.10.66
722870	24.10.73
722870	24.31.20
722880	24.10.67
722920	24.34.13
722990	24.34.13
730110	24.10.74
730120	24.10.74
730210	24.10.75
730210	42.12.10
730230	24.10.75
730230	42.12.10
730240	24.10.75
730240	42.12.10
730290	24.10.75
730290	42.12.10
730300	24.51.20
730411	24.20.11
730419	24.20.11
730422	24.20.12
730423	24.20.12
730424	24.20.12
730429	24.20.12
730431	24.20.13
730439	24.20.13
730441	24.20.13
730449	24.20.13
730451	24.20.13
730459	24.20.13
730490	24.20.14
730511	24.20.21
730511	42.21.11
730511	42.21.12
730512	24.20.21
730512	42.21.11
730512	42.21.12
730519	24.20.21
730519	42.21.11
730519	42.21.12
730520	24.20.22
730531	24.20.23
730539	24.20.23
730590	24.20.24
730611	24.20.31
730619	24.20.31
730621	24.20.32
730629	24.20.32
730630	24.20.33
730640	24.20.33
730650	24.20.33
730661	24.20.34
730669	24.20.34
730690	24.20.35
730711	24.51.30
730719	24.51.30
730719	24.52.30
730721	24.20.40
730722	24.20.40
730723	24.20.40
730729	24.20.40
730791	24.20.40
730792	24.20.40
730793	24.20.40
730799	24.20.40
730810	25.11.21
730810	42.13.10
730820	25.11.22
730830	25.12.10
730840	25.11.23
730890	24.33.30
730890	25.11.23
730900	25.29.11
731010	25.91.11
731021	25.92.11
731029	25.91.12
731100	25.29.12
731210	25.93.11
731290	25.93.11
731300	25.93.12
731412	25.93.13
731414	25.93.13
731419	25.93.13
731420	25.93.13
731431	25.93.13
731439	25.93.13
731441	25.93.13
731442	25.93.13
731449	25.93.13
731450	25.93.13
731511	28.15.21
731512	28.15.21
731519	28.15.32
731520	25.93.17
731581	25.93.17
731582	25.93.17
731589	25.93.17
731590	25.93.17
731600	25.99.29
731700	25.93.14
731811	25.94.11
731812	25.94.11
731813	25.94.11
731814	25.94.11
731815	25.94.11
731816	25.94.11
731819	25.94.11
731821	25.94.12
731822	25.94.12
731823	25.94.12
731824	25.94.12
731829	25.94.12
731940	25.93.18
731990	25.93.18
732010	25.93.16
732020	25.93.16
732090	25.93.16
732111	27.52.11
732112	27.52.11
732119	27.52.11
732181	27.52.12
732182	27.52.12
732189	27.52.12
732190	27.52.20
732211	25.21.11
732219	25.21.11
732290	27.52.13
732310	25.99.12
732391	25.99.12
732392	25.99.12
732393	25.99.12
732394	25.99.12
732399	25.99.12
732410	25.99.11
732421	25.99.11
732429	25.99.11
732490	25.99.11
732510	25.99.29
732591	25.99.29
732599	25.99.29
732611	25.99.29
732619	25.99.29
732620	25.99.29
732690	25.99.29
740100	24.44.11
740200	24.44.12
740311	24.44.13
740312	24.44.13
740313	24.44.13
740319	24.44.13
740321	24.44.13
740322	24.44.13
740329	24.44.13
740400	38.32.23
740500	24.44.13
740610	24.44.21
740620	24.44.21
740710	24.44.22
740721	24.44.22
740729	24.44.22
740811	24.44.23
740819	24.44.23
740821	24.44.23
740822	24.44.23
740829	24.44.23
740911	24.44.24
740919	24.44.24
740921	24.44.24
740929	24.44.24
740931	24.44.24
740939	24.44.24
740940	24.44.24
740990	24.44.24
741011	24.44.25
741012	24.44.25
741021	24.44.25
741022	24.44.25
741110	24.44.26
741121	24.44.26
741122	24.44.26
741129	24.44.26
741210	24.44.26
741220	24.44.26
741300	25.93.12
741510	25.93.14
741521	25.94.13
741529	25.94.13
741533	25.94.13
741539	25.94.13
741810	25.99.12
741810	27.52.11
741820	25.99.11
741920	25.99.29
741980	25.93.13
741980	25.93.16
741980	25.99.29
750110	24.45.12
750120	24.45.12
750210	24.45.11
750220	24.45.11
750300	38.32.24
750400	24.45.21
750511	24.45.22
750512	24.45.22
750521	24.45.22
750522	24.45.22
750610	24.45.23
750620	24.45.23
750711	24.45.24
750712	24.45.24
750720	24.45.24
750810	25.99.29
750890	25.99.29
760110	24.42.11
760120	24.42.11
760200	38.32.25
760310	24.42.21
760320	24.42.21
760410	24.42.22
760421	24.42.22
760429	24.42.22
760511	24.42.23
760519	24.42.23
760521	24.42.23
760529	24.42.23
760611	24.42.24
760612	24.42.24
760691	24.42.24
760692	24.42.24
760711	24.42.25
760719	24.42.25
760720	24.42.25
760810	24.42.26
760820	24.42.26
760900	24.42.26
761010	25.12.10
761090	25.11.23
761090	42.13.10
761100	25.29.11
761210	25.92.12
761290	25.92.12
761300	25.29.12
761300	25.92.12
761410	25.93.12
761490	25.93.12
761510	25.99.12
761520	25.99.11
761610	25.93.14
761691	25.99.29
761699	25.99.29
780110	24.43.11
780191	24.43.11
780199	24.43.11
780200	38.32.29
780411	24.43.21
780419	24.43.21
780420	24.43.21
780600	25.99.29
790111	24.43.12
790112	24.43.12
790120	24.43.12
790200	38.32.29
790310	24.43.22
790390	24.43.22
790400	24.43.23
790500	24.43.23
790700	25.99.29
800110	24.43.13
800120	24.43.13
800200	38.32.29
800300	24.43.24
800700	25.99.29
810110	24.45.30
810194	24.45.30
810196	24.45.30
810197	38.32.29
810199	24.45.30
810210	24.45.30
810294	24.45.30
810295	24.45.30
810296	24.45.30
810297	38.32.29
810299	24.45.30
810320	24.45.30
810330	38.32.29
810391	24.45.30
810399	24.45.30
810411	24.45.30
810419	24.45.30
810420	38.32.29
810430	24.45.30
810490	24.45.30
810520	24.45.30
810530	38.32.29
810590	24.45.30
810610	24.45.30
810690	24.45.30
810820	24.45.30
810830	38.32.29
810890	24.45.30
810921	24.45.30
810929	24.45.30
810931	38.32.29
810939	38.32.29
810991	24.45.30
810999	24.45.30
811010	24.45.30
811020	38.32.29
811090	24.45.30
811100	24.45.30
811212	24.45.30
811213	38.32.29
811219	24.45.30
811221	24.45.30
811222	38.32.29
811229	24.45.30
811231	24.45.30
811239	24.45.30
811241	24.45.30
811241	38.32.29
811249	24.45.30
811251	24.45.30
811252	38.32.29
811259	24.45.30
811261	24.45.30
811261	38.32.29
811269	24.45.30
811292	24.45.30
811292	38.32.29
811299	24.45.30
811300	24.45.30
811300	38.32.29
820110	25.73.10
820130	25.73.10
820140	25.73.10
820150	25.73.10
820160	25.73.10
820190	25.73.10
820210	25.73.20
820220	25.73.20
820231	25.73.20
820239	25.73.20
820240	25.73.20
820291	25.73.20
820299	25.73.20
820310	25.73.30
820320	25.73.30
820330	25.73.30
820340	25.73.30
820411	25.73.30
820412	25.73.30
820420	25.73.30
820510	25.73.30
820520	25.73.30
820530	25.73.30
820540	25.73.30
820551	25.73.30
820559	25.73.30
820560	25.73.30
820570	25.73.30
820590	25.73.30
820600	25.73.30
820713	25.73.60
820719	25.73.60
820720	25.73.60
820730	25.73.60
820740	25.73.40
820750	25.73.40
820760	25.73.40
820770	25.73.40
820780	25.73.40
820790	25.73.40
820810	25.73.60
820820	25.73.60
820830	25.73.60
820840	25.73.60
820890	25.73.60
820900	25.73.60
821000	25.99.12
821110	25.71.11
821191	25.71.11
821192	25.71.11
821193	25.71.11
821194	25.71.11
821195	25.71.11
821210	25.71.12
821220	25.71.12
821290	25.71.12
821300	25.71.11
821410	25.71.13
821420	25.71.13
821490	25.71.13
821510	25.71.14
821520	25.71.14
821591	25.71.14
821599	25.71.14
830110	25.72.11
830120	25.72.11
830130	25.72.11
830140	25.72.12
830150	25.72.13
830160	25.72.13
830170	25.72.13
830210	25.72.14
830220	25.72.14
830230	25.72.14
830241	25.72.14
830242	25.72.14
830249	25.72.14
830250	25.72.14
830260	25.72.14
830300	25.99.21
830400	25.99.22
830510	25.99.23
830520	25.99.23
830590	25.99.23
830610	25.99.29
830621	25.99.24
830629	25.99.24
830630	25.99.24
830710	25.99.29
830790	25.99.29
830810	25.99.25
830820	25.99.25
830890	25.99.25
830910	25.92.13
830990	25.92.13
831000	25.99.29
831110	25.93.15
831120	25.93.15
831130	25.93.15
831190	25.93.15
840110	25.30.21
840120	28.99.39
840130	20.13.14
840140	25.30.22
840211	25.30.11
840212	25.30.11
840219	25.30.11
840220	25.30.11
840290	25.30.13
840310	25.21.12
840390	25.21.13
840410	25.30.12
840420	25.30.12
840490	25.30.13
840510	28.29.11
840590	28.29.81
840610	28.11.21
840681	28.11.21
840682	28.11.21
840690	28.11.31
840710	30.30.11
840721	28.11.11
840729	28.11.12
840731	29.10.11
840731	30.91.31
840732	29.10.11
840732	30.91.31
840733	29.10.11
840733	30.91.31
840734	29.10.12
840734	30.91.32
840790	28.11.12
840790	30.91.31
840790	30.91.32
840810	28.11.13
840820	28.11.13
840820	29.10.13
840890	28.11.13
840910	30.30.15
840991	28.11.41
840999	28.11.42
841011	28.11.22
841012	28.11.22
841013	28.11.22
841090	28.11.32
841111	30.30.12
841112	30.30.12
841121	30.30.12
841122	30.30.12
841181	28.11.23
841182	28.11.23
841191	30.30.16
841199	28.11.33
841210	30.30.13
841221	28.12.11
841221	28.12.16
841229	28.12.12
841229	28.12.16
841231	28.12.11
841239	28.12.12
841280	28.12.12
841290	28.12.20
841311	28.13.11
841319	28.13.11
841320	28.13.11
841330	28.13.11
841340	28.13.11
841350	28.12.13
841350	28.12.15
841350	28.13.12
841360	28.12.13
841360	28.12.15
841360	28.13.13
841370	28.13.14
841381	28.13.14
841382	28.13.14
841391	28.13.31
841392	28.13.31
841410	28.13.21
841420	28.13.22
841430	28.13.23
841440	28.13.24
841451	27.51.15
841459	28.25.20
841460	27.51.15
841470	28.13.28
841480	28.13.25
841480	28.13.26
841480	28.13.27
841480	28.13.28
841490	28.13.32
841510	28.25.12
841520	28.25.12
841581	28.25.12
841582	28.25.12
841583	28.25.12
841590	28.25.30
841610	28.21.11
841620	28.21.11
841630	28.21.11
841690	28.21.14
841710	28.21.12
841720	28.93.15
841780	28.21.12
841790	28.21.14
841810	27.51.11
841821	27.51.11
841829	27.51.11
841830	27.51.11
841840	27.51.11
841850	28.25.13
841861	28.25.13
841869	28.25.13
841891	28.25.30
841899	28.25.30
841911	27.52.14
841912	27.52.14
841919	27.52.14
841920	32.50.12
841933	28.99.31
841934	28.93.16
841935	28.99.31
841939	28.99.31
841940	28.29.11
841950	28.25.11
841960	28.25.11
841981	28.93.15
841989	28.29.60
841990	28.25.30
842010	28.29.42
842091	28.29.83
842099	28.29.83
842111	28.93.11
842112	28.94.23
842119	28.29.41
842119	32.50.13
842121	28.29.12
842122	28.29.12
842123	28.29.13
842129	28.29.12
842131	28.29.13
842132	28.25.14
842139	28.25.14
842191	28.29.82
842199	28.29.82
842211	27.51.12
842219	28.29.50
842220	28.29.21
842230	28.29.21
842240	28.29.21
842290	28.29.85
842310	28.29.32
842320	28.29.31
842330	28.29.31
842381	28.29.39
842382	28.29.39
842389	28.29.39
842390	28.29.83
842410	28.29.22
842420	28.29.22
842430	28.29.22
842441	28.30.60
842449	28.30.60
842482	28.30.60
842489	28.29.22
842490	28.29.83
842511	28.22.11
842519	28.22.11
842531	28.22.12
842539	28.22.12
842541	28.22.13
842542	28.22.13
842549	28.22.13
842611	28.22.14
842612	28.22.14
842619	28.22.14
842620	28.22.14
842630	28.22.14
842641	28.22.14
842649	28.22.14
842691	28.22.14
842699	28.22.14
842710	28.22.15
842720	28.22.15
842790	28.22.15
842810	28.22.16
842820	28.22.17
842831	28.92.11
842832	28.22.17
842833	28.22.17
842839	28.22.17
842840	28.22.16
842860	28.22.18
842870	28.22.18
842890	28.22.18
842911	28.92.21
842919	28.92.21
842920	28.92.22
842930	28.92.23
842940	28.92.24
842951	28.92.25
842952	28.92.26
842959	28.92.27
843010	28.92.30
843020	28.92.30
843031	28.92.12
843039	28.92.12
843041	28.92.12
843049	28.92.12
843050	28.92.27
843061	28.92.30
843069	28.92.30
843110	28.22.19
843120	28.22.19
843131	28.22.19
843139	28.22.19
843141	28.22.20
843142	28.92.28
843143	28.92.61
843149	28.92.61
843210	28.30.31
843221	28.30.32
843229	28.30.32
843231	28.30.33
843239	28.30.33
843241	28.30.34
843242	28.30.34
843280	28.30.39
843290	28.30.92
843311	28.30.40
843319	28.30.40
843320	28.30.51
843330	28.30.52
843340	28.30.53
843351	28.30.59
843352	28.30.59
843353	28.30.54
843359	28.30.59
843360	28.30.81
843390	28.30.91
843410	28.30.82
843420	28.93.12
843490	28.30.94
843510	28.93.14
843590	28.93.31
843610	28.30.83
843621	28.30.84
843629	28.30.85
843680	28.30.86
843691	28.30.93
843699	28.30.93
843710	28.93.20
843780	28.93.13
843790	28.93.34
843810	28.93.17
843820	28.93.17
843830	28.93.17
843840	28.93.17
843850	28.93.17
843860	28.93.17
843880	28.93.17
843890	28.93.32
843910	28.95.11
843920	28.95.11
843930	28.95.11
843991	28.95.12
843999	28.95.12
844010	28.99.11
844090	28.99.40
844110	28.95.11
844120	28.95.11
844130	28.95.11
844140	28.95.11
844180	28.95.11
844190	28.95.12
844230	28.99.12
844240	28.99.40
844250	18.13.20
844311	28.99.13
844312	28.23.22
844313	28.99.13
844314	28.99.14
844315	28.99.14
844316	28.99.14
844317	28.99.14
844319	28.94.15
844319	28.99.14
844331	26.20.18
844332	26.20.16
844339	28.23.21
844391	28.99.40
844399	28.23.26
844400	28.94.11
844511	28.94.11
844512	28.94.11
844513	28.94.11
844519	28.94.11
844520	28.94.12
844530	28.94.12
844540	28.94.12
844590	28.94.12
844610	28.94.13
844621	28.94.13
844629	28.94.13
844630	28.94.13
844711	28.94.14
844712	28.94.14
844720	28.94.14
844790	28.94.14
844811	28.94.15
844819	28.94.15
844820	28.94.51
844831	28.94.51
844832	28.94.51
844833	28.94.51
844839	28.94.51
844842	28.94.51
844849	28.94.51
844851	28.94.51
844859	28.94.51
844900	28.94.21
845011	27.51.13
845012	27.51.13
845019	27.51.13
845020	28.94.22
845090	28.94.22
845110	28.94.22
845121	27.51.13
845129	28.94.22
845130	28.94.21
845140	28.94.21
845150	28.94.21
845180	28.94.21
845190	28.94.52
845210	28.94.40
845221	28.94.24
845229	28.94.24
845230	28.94.52
845290	28.94.52
845310	28.94.30
845320	28.94.30
845380	28.94.30
845390	28.94.52
845410	28.91.11
845420	28.91.11
845430	28.91.11
845490	28.91.12
845510	28.91.11
845521	28.91.11
845522	28.91.11
845530	28.91.12
845590	28.91.12
845611	28.41.11
845612	28.41.11
845620	28.41.11
845630	28.41.11
845640	28.41.11
845650	28.41.11
845690	28.41.11
845710	28.41.12
845720	28.41.12
845730	28.41.12
845811	28.41.21
845819	28.41.21
845891	28.41.21
845899	28.41.21
845910	28.41.22
845921	28.41.22
845929	28.41.22
845931	28.41.22
845939	28.41.22
845941	28.41.22
845949	28.41.22
845951	28.41.22
845959	28.41.22
845961	28.41.22
845969	28.41.22
845970	28.41.22
846012	28.41.23
846019	28.41.23
846022	28.41.23
846023	28.41.23
846024	28.41.23
846029	28.41.23
846031	28.41.23
846039	28.41.23
846040	28.41.23
846090	28.41.23
846120	28.41.24
846130	28.41.24
846140	28.41.24
846150	28.41.24
846190	28.41.24
846211	28.41.33
846219	28.41.33
846222	28.41.31
846223	28.41.31
846224	28.41.31
846225	28.41.31
846226	28.41.31
846229	28.41.31
846232	28.41.24
846233	28.41.32
846239	28.41.32
846242	28.41.32
846249	28.41.32
846251	28.41.34
846259	28.41.34
846261	28.41.33
846262	28.41.33
846263	28.41.33
846269	28.41.33
846290	28.41.33
846310	28.41.34
846320	28.41.34
846330	28.41.34
846390	28.41.34
846410	28.49.11
846420	28.49.11
846490	28.49.11
846510	28.49.12
846520	28.49.12
846591	28.49.12
846592	28.49.12
846593	28.49.12
846594	28.49.12
846595	28.49.12
846596	28.49.12
846599	28.49.12
846610	28.49.21
846620	28.49.22
846630	28.49.23
846691	28.49.24
846692	28.49.24
846693	28.41.40
846693	28.99.52
846694	28.41.40
846711	28.24.12
846719	28.24.12
846721	28.24.11
846722	28.24.11
846729	28.24.11
846781	28.24.12
846789	28.24.12
846791	28.24.21
846792	28.24.22
846799	28.24.21
846810	28.29.70
846820	28.29.70
846880	28.29.70
846890	28.29.86
847010	28.23.12
847021	28.23.12
847029	28.23.12
847030	28.23.13
847050	28.23.13
847090	28.23.13
847130	26.20.11
847141	26.20.13
847149	26.20.14
847150	26.20.15
847160	26.20.16
847170	26.20.21
847180	26.20.30
847190	26.20.30
847210	28.23.23
847230	26.20.12
847230	28.23.23
847290	26.20.12
847290	28.23.11
847290	28.23.23
847321	28.23.24
847329	28.23.24
847330	26.20.40
847340	28.23.24
847340	28.23.25
847350	26.20.40
847410	28.92.40
847420	28.92.40
847431	28.92.40
847432	28.92.40
847439	28.92.40
847480	28.99.39
847490	28.92.62
847510	28.99.39
847521	28.99.39
847529	28.99.39
847590	28.99.52
847621	28.29.43
847629	28.29.43
847681	28.29.43
847689	28.29.43
847690	28.29.43
847710	28.96.10
847720	28.96.10
847730	28.96.10
847740	28.96.10
847751	28.96.10
847759	28.96.10
847780	28.96.10
847790	28.96.20
847810	28.93.19
847890	28.93.33
847910	28.92.30
847920	28.93.17
847930	28.49.12
847940	28.99.39
847950	28.99.39
847960	28.99.39
847971	28.99.39
847979	28.99.39
847981	28.99.39
847982	28.99.39
847983	28.99.39
847989	28.99.39
847990	28.99.52
848010	25.73.50
848020	25.73.50
848030	25.73.50
848041	25.73.50
848049	25.73.50
848050	25.73.50
848060	25.73.50
848071	25.73.50
848079	25.73.50
848110	28.12.14
848110	28.14.11
848120	28.12.14
848130	28.14.11
848140	28.14.11
848180	28.14.11
848180	28.14.12
848180	28.14.13
848190	28.14.20
848210	28.15.10
848220	28.15.10
848230	28.15.10
848240	28.15.10
848250	28.15.10
848280	28.15.10
848291	28.15.31
848299	28.15.31
848310	28.15.22
848320	28.15.23
848330	28.15.23
848340	28.15.24
848350	28.15.25
848360	28.15.26
848390	28.15.39
848410	28.29.23
848420	28.29.23
848490	28.29.23
848510	28.41.34
848520	28.96.10
848530	28.99.39
848580	28.95.11
848590	28.41.40
848610	28.99.20
848620	28.99.20
848630	28.99.20
848640	28.99.39
848690	28.99.51
848710	25.99.26
848790	28.29.84
850110	27.11.10
850120	27.11.21
850131	27.11.10
850132	27.11.10
850133	27.11.10
850134	27.11.10
850140	27.11.22
850151	27.11.23
850152	27.11.24
850153	27.11.25
850161	27.11.26
850162	27.11.26
850163	27.11.26
850164	27.11.26
850171	27.11.10
850172	27.11.10
850180	27.11.26
850211	27.11.31
850212	27.11.31
850213	27.11.31
850220	27.11.32
850231	28.11.24
850239	27.11.32
850240	27.11.32
850300	27.11.61
850410	27.11.50
850421	27.11.41
850422	27.11.41
850423	27.11.41
850431	27.11.42
850432	27.11.42
850433	27.11.43
850434	27.11.43
850440	27.11.50
850450	27.11.50
850490	27.11.62
850511	25.99.29
850519	23.44.12
850520	27.90.40
850590	27.90.40
850610	27.20.11
850630	27.20.11
850640	27.20.11
850650	27.20.11
850660	27.20.11
850680	27.20.11
850690	27.20.12
850710	27.20.21
850720	27.20.22
850730	27.20.23
850750	27.20.23
850760	27.20.23
850780	27.20.23
850790	27.20.24
850811	27.51.21
850819	27.51.21
850860	27.51.24
850870	27.51.30
850940	27.51.21
850980	27.51.21
850990	27.51.30
851010	27.51.22
851020	27.51.22
851030	27.51.22
851090	27.51.30
851110	29.31.21
851120	29.31.21
851130	29.31.21
851140	29.31.22
851150	29.31.22
851180	29.31.22
851190	29.31.30
851210	29.31.23
851220	27.40.39
851230	29.31.23
851240	29.31.23
851290	29.31.30
851310	27.40.21
851390	27.40.42
851411	28.21.13
851419	28.21.13
851420	28.21.13
851431	28.21.13
851432	28.21.13
851439	28.21.13
851440	28.21.13
851490	28.21.14
851511	27.90.31
851519	27.90.31
851521	27.90.31
851529	27.90.31
851531	27.90.31
851539	27.90.31
851580	27.90.31
851590	27.90.32
851610	27.51.25
851621	27.51.26
851629	27.51.26
851631	27.51.23
851632	27.51.23
851633	27.51.23
851640	27.51.23
851650	27.51.27
851660	27.51.28
851671	27.51.24
851672	27.51.24
851679	27.51.24
851680	27.51.29
851690	27.51.30
851711	26.30.21
851713	26.30.22
851714	26.30.22
851718	26.30.23
851761	26.30.23
851762	26.30.23
851769	26.30.23
851769	26.40.44
851771	26.30.40
851779	26.30.30
851810	26.40.41
851821	26.40.42
851822	26.40.42
851829	26.40.42
851830	26.40.42
851840	26.40.43
851850	26.40.43
851890	26.40.51
851920	26.40.31
851930	26.40.31
851981	26.40.31
851981	26.40.32
851989	26.40.31
851989	26.40.32
852110	26.40.33
852190	26.40.33
852210	26.11.40
852290	26.40.51
852321	26.80.14
852329	26.80.11
852329	58.11.20
852329	58.12.10
852329	59.11.23
852341	26.80.12
852349	58.11.20
852349	58.12.10
852349	58.21.10
852349	58.29.11
852349	58.29.12
852349	58.29.13
852349	58.29.14
852349	58.29.29
852349	59.11.23
852349	59.20.33
852351	26.20.22
852351	58.11.20
852351	58.12.10
852351	58.21.10
852351	58.29.12
852351	58.29.13
852351	58.29.14
852351	58.29.29
852351	59.11.23
852351	59.20.33
852352	26.12.30
852359	26.80.13
852359	58.29.11
852380	26.80.13
852380	59.20.33
852411	26.70.23
852412	26.70.23
852419	26.70.23
852491	26.70.23
852492	26.70.23
852499	26.70.23
852550	26.30.12
852560	26.30.11
852581	26.30.13
852581	26.40.33
852581	26.70.13
852582	26.30.13
852582	26.40.33
852582	26.70.13
852583	26.30.13
852583	26.40.33
852583	26.70.13
852589	26.30.13
852589	26.40.33
852589	26.70.13
852610	26.51.20
852691	26.51.20
852692	26.51.20
852712	26.40.11
852713	26.40.11
852719	26.40.11
852721	26.40.12
852729	26.40.12
852791	26.40.11
852792	26.40.11
852799	26.40.11
852842	26.40.34
852849	26.40.34
852852	26.20.17
852852	26.40.34
852859	26.40.34
852862	26.20.17
852862	26.40.34
852869	26.40.34
852871	26.40.20
852872	26.40.20
852873	26.40.20
852910	26.30.40
852990	26.30.30
852990	26.30.40
852990	26.40.51
852990	26.40.52
852990	26.51.81
853010	27.90.70
853080	27.90.70
853090	27.90.33
853110	26.30.50
853120	27.90.20
853180	27.90.20
853190	26.30.60
853190	27.90.33
853210	27.90.51
853221	27.90.52
853222	27.90.52
853223	27.90.52
853224	27.90.52
853225	27.90.52
853229	27.90.52
853230	27.90.53
853290	27.90.81
853310	27.90.60
853321	27.90.60
853329	27.90.60
853331	27.90.60
853339	27.90.60
853340	27.90.60
853390	27.90.82
853400	26.12.10
853510	27.12.10
853521	27.12.10
853529	27.12.10
853530	27.12.10
853540	27.12.10
853590	27.12.10
853610	27.12.21
853620	27.12.22
853630	27.12.23
853641	27.12.24
853649	27.12.24
853650	27.33.11
853661	27.33.12
853669	27.33.13
853670	27.33.13
853690	27.33.13
853710	27.12.31
853720	27.12.32
853810	27.12.40
853890	27.12.40
853910	27.40.11
853921	27.40.12
853922	27.40.13
853929	27.40.14
853931	27.40.15
853932	27.40.15
853939	27.40.15
853941	27.40.15
853949	27.40.15
853951	26.11.22
853952	27.40.15
853990	27.40.41
854011	26.11.11
854012	26.11.11
854020	26.11.11
854040	26.11.11
854060	26.11.11
854071	26.11.12
854079	26.11.12
854081	26.11.12
854089	26.11.12
854091	26.11.40
854099	26.11.40
854110	26.11.21
854121	26.11.21
854129	26.11.21
854130	26.11.21
854141	26.11.22
854142	26.11.22
854143	26.11.22
854149	26.11.22
854151	26.11.22
854159	26.11.22
854160	26.11.22
854190	26.11.40
854231	26.11.30
854232	26.11.30
854233	26.11.30
854239	26.11.30
854290	26.11.40
854310	27.90.40
854320	27.90.40
854330	28.49.12
854340	27.90.11
854370	27.90.11
854370	27.90.40
854390	27.90.33
854411	27.32.11
854419	27.32.11
854420	27.32.12
854430	29.31.10
854442	27.32.13
854449	27.32.13
854460	27.32.14
854470	27.31.11
854511	27.90.13
854519	27.90.13
854520	27.90.13
854590	27.90.13
854610	23.19.25
854620	23.43.10
854690	27.90.12
854710	23.43.10
854720	27.33.14
854790	27.90.12
854800	27.90.33
854911	38.12.27
854912	38.12.27
854913	38.12.27
854914	38.12.27
854919	38.12.27
854921	38.12.29
854929	38.11.58
854931	38.12.29
854939	38.11.59
854991	38.12.29
854999	38.11.59
860110	30.20.11
860120	30.20.13
860210	30.20.12
860290	30.20.13
860310	30.20.20
860390	30.20.20
860400	30.20.31
860500	30.20.32
860610	30.20.33
860630	30.20.33
860691	30.20.33
860692	30.20.33
860699	30.20.33
860711	30.20.40
860712	30.20.40
860719	24.10.80
860719	30.20.40
860721	30.20.40
860729	30.20.40
860730	30.20.40
860791	30.20.40
860799	30.20.40
860800	30.20.40
860900	29.20.21
870110	28.30.10
870121	29.10.43
870122	29.10.43
870123	29.10.43
870124	29.10.43
870129	29.10.43
870130	28.92.50
870191	28.30.21
870192	28.30.21
870193	28.30.22
870193	28.30.23
870194	28.30.23
870195	28.30.23
870210	29.10.30
870220	29.10.30
870230	29.10.30
870240	29.10.30
870290	29.10.30
870310	29.10.52
870321	29.10.21
870322	29.10.21
870323	29.10.22
870324	29.10.22
870331	29.10.23
870332	29.10.23
870333	29.10.23
870340	29.10.24
870350	29.10.24
870360	29.10.24
870370	29.10.24
870380	29.10.24
870390	29.10.24
870410	28.92.29
870421	29.10.41
870422	29.10.41
870423	29.10.41
870431	29.10.42
870432	29.10.42
870441	29.10.41
870442	29.10.41
870443	29.10.41
870451	29.10.42
870452	29.10.42
870460	29.10.42
870490	29.10.42
870510	29.10.51
870520	29.10.59
870530	29.10.59
870540	29.10.59
870590	29.10.59
870600	29.10.44
870710	29.20.10
870790	29.20.10
870810	29.32.30
870821	29.32.20
870822	29.32.20
870829	29.32.20
870830	29.32.30
870840	29.32.30
870850	29.32.30
870870	29.32.30
870880	29.32.30
870891	29.32.30
870892	29.32.30
870893	29.32.30
870894	29.32.30
870895	29.32.20
870899	29.32.30
870911	28.22.15
870919	28.22.15
870990	28.22.19
871000	30.40.10
871110	30.91.11
871120	30.91.12
871130	30.91.12
871140	30.91.12
871150	30.91.12
871160	30.91.13
871190	30.91.13
871200	30.92.10
871310	30.92.20
871390	30.92.20
871410	30.91.20
871420	30.92.30
871491	30.92.30
871492	30.92.30
871493	30.92.30
871494	30.92.30
871495	30.92.30
871496	30.92.30
871499	30.92.30
871500	30.92.40
871610	29.20.22
871620	28.30.70
871631	29.20.23
871639	29.20.23
871640	29.20.23
871680	30.99.10
871690	29.20.30
880100	30.30.20
880211	30.30.31
880212	30.30.31
880220	30.30.32
880230	30.30.33
880240	30.30.34
880260	30.30.40
880400	13.92.23
880510	28.99.39
880521	30.30.14
880529	30.30.14
880610	30.30.32
880610	30.30.33
880610	30.30.34
880621	30.30.32
880622	30.30.32
880623	30.30.32
880624	30.30.32
880629	30.30.31
880629	30.30.32
880629	30.30.33
880691	30.30.32
880692	30.30.32
880693	30.30.32
880694	30.30.32
880699	30.30.31
880699	30.30.32
880699	30.30.33
880699	30.30.34
880710	30.30.50
880720	30.30.50
880730	30.30.50
880790	30.30.50
890110	30.11.21
890120	30.11.22
890130	30.11.23
890190	30.11.24
890200	30.11.31
890311	30.12.12
890312	30.12.12
890319	30.12.12
890321	30.12.11
890322	30.12.11
890323	30.12.11
890331	30.12.19
890332	30.12.19
890333	30.12.19
890393	30.12.19
890399	30.12.19
890400	30.11.32
890510	30.11.33
890520	30.11.40
890590	30.11.33
890610	30.11.10
890690	30.11.33
890710	30.11.50
890790	30.11.50
890800	38.11.41
890800	38.11.49
900110	27.31.12
900120	26.70.21
900130	32.50.41
900140	32.50.41
900150	32.50.41
900190	26.70.21
900211	26.70.11
900219	26.70.21
900220	26.70.21
900290	26.70.21
900311	32.50.43
900319	32.50.43
900390	32.50.44
900410	32.50.42
900490	32.50.42
900510	26.70.22
900580	26.70.22
900590	26.70.24
900630	26.70.12
900640	26.70.14
900653	26.70.14
900653	26.70.18
900659	26.70.14
900659	26.70.18
900661	26.70.17
900661	27.40.31
900669	26.70.17
900669	27.40.31
900691	26.70.19
900699	26.70.19
900710	26.70.15
900720	26.70.16
900791	26.70.19
900792	26.70.19
900850	26.70.16
900890	26.70.19
901010	26.70.17
901050	26.70.17
901060	26.70.17
901090	26.70.19
901110	26.70.22
901120	26.70.22
901180	26.70.22
901190	26.70.24
901210	26.51.61
901290	26.51.83
901310	26.70.23
901320	26.70.23
901380	26.70.23
901390	26.70.25
901410	26.51.11
901420	26.51.11
901480	26.51.11
901490	26.51.86
901510	26.51.12
901520	26.51.12
901530	28.29.39
901540	26.51.12
901580	26.51.12
901590	26.51.82
901600	26.51.31
901710	26.51.32
901720	26.51.32
901730	26.51.33
901780	28.29.39
901790	26.51.82
901811	26.60.12
901812	26.60.12
901813	26.60.12
901814	26.60.12
901819	26.60.12
901820	26.60.13
901831	32.50.13
901832	32.50.13
901839	32.50.13
901841	32.50.11
901849	32.50.11
901850	32.50.13
901890	32.50.13
901910	32.50.21
901920	32.50.21
902000	32.99.11
902110	32.50.22
902121	32.50.22
902129	32.50.22
902131	32.50.22
902139	32.50.22
902140	26.60.14
902150	26.60.14
902190	26.60.14
902190	32.50.23
902212	26.60.11
902213	26.60.11
902214	26.60.11
902219	26.60.11
902221	26.60.11
902229	26.60.11
902230	26.60.11
902290	26.60.11
902300	32.99.53
902410	26.51.62
902480	26.51.62
902490	26.51.86
902511	26.51.51
902511	32.50.13
902519	26.51.51
902580	26.51.51
902590	26.51.82
902610	26.51.52
902620	26.51.52
902680	26.51.52
902690	26.51.82
902710	26.51.53
902720	26.51.53
902730	26.51.53
902750	26.51.53
902781	26.51.53
902789	26.51.53
902790	26.51.82
902810	26.51.63
902820	26.51.63
902830	26.51.63
902890	26.51.84
902910	26.51.64
902920	26.51.64
902990	26.51.84
903010	26.51.41
903020	26.51.42
903020	26.51.45
903031	26.51.43
903032	26.51.45
903033	26.51.43
903039	26.51.45
903040	26.51.44
903082	26.51.45
903084	26.51.45
903089	26.51.45
903090	26.51.82
903110	28.99.39
903120	26.51.66
903141	26.51.66
903149	26.51.66
903180	26.51.66
903190	26.51.85
903210	26.51.70
903220	26.51.70
903281	26.51.65
903289	26.51.70
903290	26.51.85
903300	26.51.82
910111	26.52.11
910119	26.52.11
910121	26.52.11
910129	26.52.11
910191	26.52.11
910199	26.52.11
910211	26.52.12
910212	26.52.12
910219	26.52.12
910221	26.52.12
910229	26.52.12
910291	26.52.12
910299	26.52.12
910310	26.52.14
910390	26.52.14
910400	26.52.13
910511	26.52.14
910519	26.52.14
910521	26.52.14
910529	26.52.14
910591	26.52.14
910599	26.52.14
910610	26.52.28
910690	26.52.28
910700	26.52.28
910811	26.52.21
910812	26.52.21
910819	26.52.21
910820	26.52.21
910890	26.52.21
910910	26.52.22
910990	26.52.22
911011	26.52.23
911012	26.52.23
911019	26.52.24
911090	26.52.25
911110	26.52.26
911120	26.52.26
911180	26.52.26
911190	26.52.26
911220	26.52.26
911290	26.52.26
911310	32.12.14
911320	32.13.10
911390	15.12.13
911430	26.52.27
911440	26.52.27
911490	26.52.27
920110	32.20.11
920120	32.20.11
920190	32.20.11
920210	32.20.12
920290	32.20.12
920510	32.20.13
920590	32.20.13
920600	32.20.15
920710	32.20.14
920790	32.20.14
920810	32.20.15
920890	32.20.15
920930	32.20.16
920991	32.20.20
920992	32.20.20
920994	32.20.20
920999	32.20.16
920999	32.20.20
930110	25.40.11
930120	25.40.11
930190	25.40.11
930200	25.40.12
930310	25.40.12
930320	25.40.12
930330	25.40.12
930390	25.40.12
930400	25.40.12
930510	25.40.14
930520	25.40.14
930591	25.40.14
930599	25.40.14
930621	25.40.13
930629	25.40.13
930630	25.40.13
930690	25.40.13
930700	25.71.15
940110	30.30.50
940120	29.32.10
940131	31.01.12
940139	31.01.11
940139	32.01.11
940141	31.01.12
940149	31.01.11
940149	32.01.11
940152	31.09.14
940153	31.09.14
940159	31.09.14
940161	31.01.12
940161	31.09.13
940169	31.01.12
940169	31.09.13
940171	31.01.11
940179	31.01.11
940180	31.01.13
940180	31.09.12
940191	30.30.50
940191	31.09.12
940199	30.30.50
940199	31.09.12
940210	32.50.30
940290	32.50.30
940310	31.01.11
940320	31.09.11
940330	31.01.12
940340	31.02.10
940350	31.09.12
940360	31.01.13
940360	31.09.12
940360	31.09.13
940370	31.09.14
940382	31.09.14
940383	31.09.14
940389	31.09.14
940391	31.09.13
940399	31.09.13
940410	31.03.11
940421	31.03.12
940429	31.03.12
940430	13.92.24
940440	13.92.24
940490	13.92.24
940511	27.40.25
940519	27.40.25
940521	27.40.22
940529	27.40.22
940531	27.40.32
940539	27.40.32
940541	27.40.33
940541	27.40.39
940542	27.40.33
940542	27.40.39
940549	27.40.33
940549	27.40.39
940550	27.40.23
940561	27.40.24
940569	27.40.24
940591	23.19.24
940592	22.29.24
940599	27.40.42
940610	16.23.20
940620	25.11.10
940690	16.23.20
940690	22.23.20
940690	23.61.20
940690	25.11.10
950300	32.40.11
950300	32.40.12
950300	32.40.13
950300	32.40.20
950300	32.40.31
950300	32.40.32
950300	32.40.39
950420	32.40.42
950430	32.40.42
950440	32.40.41
950450	26.40.60
950490	32.40.42
950510	32.99.51
950590	32.99.51
950611	32.30.11
950612	32.30.11
950619	32.30.11
950621	32.30.13
950629	32.30.13
950631	32.30.15
950632	32.30.15
950639	32.30.15
950640	32.30.15
950651	32.30.15
950659	32.30.15
950661	32.30.15
950662	32.30.15
950669	32.30.15
950670	32.30.11
950691	32.30.14
950691	42.99.12
950699	32.30.15
950699	42.99.12
950710	32.30.16
950720	32.30.16
950730	32.30.16
950790	32.30.16
950810	28.99.32
950821	28.99.32
950822	28.99.32
950823	28.99.32
950824	28.99.32
950825	28.99.32
950826	28.99.32
950829	28.99.32
950830	28.99.32
950840	28.99.32
960110	32.99.59
960190	32.99.59
960200	32.99.59
960310	32.91.11
960321	32.91.12
960329	32.91.12
960330	32.91.12
960340	32.91.19
960350	32.91.19
960390	32.91.11
960400	32.99.59
960500	15.12.12
960610	32.99.23
960621	32.99.23
960622	32.99.23
960629	32.99.23
960630	32.99.24
960711	32.99.23
960719	32.99.23
960720	32.99.24
960810	32.99.12
960820	32.99.12
960830	32.99.13
960840	32.99.12
960850	32.99.14
960860	32.99.14
960891	32.99.14
960899	32.99.14
960910	32.99.15
960920	32.99.15
960990	32.99.15
961000	32.99.16
961100	32.99.16
961210	32.99.16
961220	32.99.16
961310	32.99.41
961320	32.99.41
961380	32.99.41
961390	32.99.42
961400	16.29.11
961400	32.99.41
961511	22.29.29
961519	25.99.29
961590	22.29.29
961610	32.99.52
961620	13.99.19
961700	32.99.59
961800	32.99.59
961900	17.22.12
962000	25.40.14
962000	26.70.19
962000	26.70.25
970121	90.03.13
970122	90.03.13
970129	90.03.13
970191	90.03.13
970192	90.03.13
970199	90.03.13
970210	90.03.13
970290	90.03.13
970310	90.03.13
970390	90.03.13
970400	91.02.20
970510	91.02.20
970521	91.02.20
970522	91.02.20
970529	91.02.20
970531	91.02.20
970539	91.02.20
970610	91.02.20
970690	91.02.20
